Label,ID,TRACK_ID,QUALITY,POSITION_X,POSITION_Y,POSITION_T
ID452,452,20,4.872,142.388,346.992,1
ID284,284,20,4.925,141.891,346.784,2
ID620,620,20,4.893,141.568,346.355,3
ID789,789,20,4.902,141.243,346.108,4
ID1120,1120,20,4.892,140.394,345.521,5
ID1283,1283,20,4.893,140.16,344.655,6
ID955,955,20,4.923,139.761,344.053,7
ID1449,1449,20,4.874,139.497,344.469,8
ID1778,1778,20,4.85,140.236,344.757,9
ID1616,1616,20,4.899,138.892,344.174,10
ID1942,1942,20,4.848,139.528,344.684,11
ID2107,2107,20,4.897,139.507,345.229,12
ID2270,2270,20,4.908,139.875,345.304,13
ID2434,2434,20,4.865,140.299,345.282,14
ID2764,2764,20,4.799,138.902,345.012,15
ID2600,2600,20,4.77,138.358,345.004,16
ID2928,2928,20,4.738,138.781,345.235,17
ID3093,3093,20,4.756,139.033,345.058,18
ID3259,3259,20,4.757,140.324,345.266,19
ID3570,3570,20,4.752,141.014,345.093,20
ID3510,3510,20,4.773,141.983,345.526,21
ID3759,3759,20,4.792,141.492,345.998,22
ID3924,3924,20,4.796,141.335,347.047,23
ID4090,4090,20,4.778,141.243,347.167,24
ID4252,4252,20,4.77,140.563,347.726,25
ID4413,4413,20,4.786,141.198,346.98,26
ID4576,4576,20,4.798,141.275,346.233,27
ID4743,4743,20,4.767,140.495,346.131,28
ID4908,4908,20,4.746,140.76,346.167,29
ID5073,5073,20,4.733,141.426,346.189,30
ID5238,5238,20,4.729,141.257,346.19,31
ID5404,5404,20,4.718,140.509,346.058,32
ID5568,5568,20,4.713,140.536,346.057,33
ID5732,5732,20,4.715,139.729,345.911,34
ID5891,5891,20,4.73,140.82,346.402,35
ID6375,6375,20,4.745,140.763,346.871,36
ID6054,6054,20,4.709,140.573,347.128,37
ID6215,6215,20,4.69,140.678,346.448,38
ID6536,6536,20,4.665,140.548,346.247,39
ID7023,7023,20,4.717,140.122,346.015,40
ID6697,6697,20,4.746,140.499,346.348,41
ID6857,6857,20,4.794,140.913,345.923,42
ID7182,7182,20,4.754,141.273,346.282,43
ID7341,7341,20,4.8,141.013,346.229,44
ID7493,7493,20,4.645,141.164,346.567,45
ID7646,7646,20,4.828,141.095,346.441,46
ID7800,7800,20,4.861,141.146,345.694,47
ID7954,7954,20,4.819,141.973,345.738,48
ID8112,8112,20,4.841,141.83,345.003,49
ID8271,8271,20,4.812,141.579,345.246,50
ID8430,8430,20,4.907,141.317,345.049,51
ID8588,8588,20,4.898,141.639,344.651,52
ID8749,8749,20,4.895,141.289,344.577,53
ID8912,8912,20,4.909,141.316,344.407,54
ID9235,9235,20,4.88,140.602,344.558,55
ID9074,9074,20,4.92,140.722,343.83,56
ID9400,9400,20,4.886,139.875,344.369,57
ID9562,9562,20,4.907,139.912,345.425,58
ID9727,9727,20,4.944,140.401,345.324,59
ID9891,9891,20,4.994,140.359,345.646,60
ID10054,10054,20,4.974,140.6,345.689,61
ID10216,10216,20,4.98,140.681,346.628,62
ID10542,10542,20,5.015,140.47,346.308,63
ID10379,10379,20,5.004,140.259,345.909,64
ID10704,10704,20,4.975,139.532,346.153,65
ID10868,10868,20,4.968,139.221,346.269,66
ID11195,11195,20,4.994,139.164,346.775,67
ID11360,11360,20,4.994,139.884,346.745,68
ID11031,11031,20,4.957,139.332,346.565,69
ID11849,11849,20,4.997,139.128,345.844,70
ID12014,12014,20,4.944,139.251,346.606,71
ID11522,11522,20,4.926,139.677,347.243,72
ID11685,11685,20,4.916,139.47,347.964,73
ID12178,12178,20,4.913,139.51,348.408,74
ID12505,12505,20,4.876,139.949,348.033,75
ID12667,12667,20,4.81,139.312,347.421,76
ID12341,12341,20,4.822,139.025,347.603,77
ID12828,12828,20,4.824,137.625,347.187,78
ID13151,13151,20,4.791,137.541,346.728,79
ID13311,13311,20,4.85,137.222,346.531,80
ID13014,13014,20,4.788,136.44,345.942,81
ID13473,13473,20,4.85,136.554,345.971,82
ID13971,13971,20,4.821,136.3,346.103,83
ID13638,13638,20,4.86,136.053,345.813,84
ID13806,13806,20,4.852,136.017,346.035,85
ID14135,14135,20,4.836,136.931,345.813,86
ID14301,14301,20,4.862,136.628,345.686,87
ID14467,14467,20,4.829,135.969,345.751,88
ID14634,14634,20,4.835,135.633,346.343,89
ID14800,14800,20,4.826,135.821,346.342,90
ID14964,14964,20,4.84,135.325,346.268,91
ID15130,15130,20,4.807,134.741,346.402,92
ID15634,15634,20,4.842,133.794,346.11,93
ID15301,15301,20,4.777,133.007,346.361,94
ID15468,15468,20,4.785,133.233,346.035,95
ID15802,15802,20,4.725,133.297,345.472,96
ID15969,15969,20,4.739,133.992,345.458,97
ID16136,16136,20,4.693,134.344,344.976,98
ID16305,16305,20,4.742,134.563,345.491,99
ID16471,16471,20,4.772,134.047,346.06,100
ID16637,16637,20,4.797,133.846,345.63,101
ID16802,16802,20,4.81,133.098,346.153,102
ID17134,17134,20,4.805,132.814,347.018,103
ID16968,16968,20,4.787,133.518,348.099,104
ID17631,17631,20,4.778,134.21,347.647,105
ID17300,17300,20,4.765,134.177,347.667,106
ID17466,17466,20,4.808,134.329,347.898,107
ID17795,17795,20,4.812,134.168,347.656,108
ID17958,17958,20,4.795,134.258,347.069,109
ID18448,18448,20,4.782,134.167,346.079,110
ID18120,18120,20,4.752,134.286,345.695,111
ID18282,18282,20,4.807,134.119,345.159,112
ID18609,18609,20,4.748,134.957,345.403,113
ID18775,18775,20,4.794,134.984,345.741,114
ID18941,18941,20,4.774,135.085,345.375,115
ID19105,19105,20,4.738,134.909,345.081,116
ID19601,19601,20,4.742,134.504,345.095,117
ID19270,19270,20,4.709,134.406,344.397,118
ID19434,19434,20,4.708,135.137,344.842,119
ID19764,19764,20,4.724,135.183,345.053,120
ID20246,20246,20,4.711,134.873,344.707,121
ID19926,19926,20,4.698,135.589,344.536,122
ID20087,20087,20,4.723,135.797,344.575,123
ID20407,20407,20,4.712,135.551,345.229,124
ID20571,20571,20,4.752,135.084,344.854,125
ID20732,20732,20,4.79,134.747,345.222,126
ID21055,21055,20,4.785,135.983,345.371,127
ID20893,20893,20,4.781,135.09,344.766,128
ID21217,21217,20,4.808,135.088,344.486,129
ID21376,21376,20,4.794,134.84,344.47,130
ID21698,21698,20,4.82,135.319,344.726,131
ID21536,21536,20,4.823,135.343,344.098,132
ID22019,22019,20,4.825,135.343,344.779,133
ID21859,21859,20,4.805,135.101,344.503,134
ID22182,22182,20,4.795,135.238,344.214,135
ID22344,22344,20,4.804,136.028,344.884,136
ID22661,22661,20,4.78,136.503,344.906,137
ID22503,22503,20,4.847,136.053,344.341,138
ID22820,22820,20,4.831,135.775,344.057,139
ID23138,23138,20,4.83,135.968,343.673,140
ID22979,22979,20,4.777,135.87,344.264,141
ID23299,23299,20,4.796,135.758,343.685,142
ID23459,23459,20,4.757,134.931,343.554,143
ID23779,23779,20,4.78,134.256,342.355,144
ID23619,23619,20,4.776,134.158,342.421,145
ID23938,23938,20,4.791,134.129,342.441,146
ID24099,24099,20,4.788,134.136,342.422,147
ID24259,24259,20,4.714,134.332,343.389,148
ID24577,24577,20,4.691,134.245,343.29,149
ID24416,24416,20,4.678,134.238,344.254,150
ID24737,24737,20,4.66,133.72,344.69,151
ID24899,24899,20,4.66,134.256,345.397,152
ID25060,25060,20,4.687,134.242,345.297,153
ID25222,25222,20,4.642,134.61,345.292,154
ID25383,25383,20,4.663,134.549,345.231,155
ID25545,25545,20,4.646,134.542,344.944,156
ID25706,25706,20,4.667,134.308,344.875,157
ID25869,25869,20,4.681,134.446,344.33,158
ID26028,26028,20,4.717,133.762,343.626,159
ID26184,26184,20,4.66,133.557,343.35,160
ID26342,26342,20,4.66,133.328,343.083,161
ID26500,26500,20,4.654,133.211,342.571,162
ID26659,26659,20,4.67,133.029,342.552,163
ID27137,27137,20,4.661,133.92,342.573,164
ID26819,26819,20,4.684,132.672,343.006,165
ID26977,26977,20,4.611,133.386,342.537,166
ID27296,27296,20,4.651,133.967,342.274,167
ID27452,27452,20,4.635,133.586,342.394,168
ID27609,27609,20,4.665,133.371,342.613,169
ID27767,27767,20,4.692,133.65,342.238,170
ID27925,27925,20,4.704,133.882,342.513,171
ID28083,28083,20,4.732,134.443,342.38,172
ID28242,28242,20,4.687,134.409,341.89,173
ID28501,28501,20,4.703,134.887,341.89,174
ID28524,28524,20,4.702,134.505,342.48,175
ID28714,28714,20,4.761,135.751,342.815,176
ID28868,28868,20,4.735,135.68,342.796,177
ID29023,29023,20,4.777,136.112,343.722,178
ID29179,29179,20,4.802,136.602,344.117,179
ID29334,29334,20,4.827,136.418,344.353,180
ID29487,29487,20,4.838,136.248,344.617,181
ID29642,29642,20,4.785,136.922,344.43,182
ID29797,29797,20,4.807,136.881,344.586,183
ID29952,29952,20,4.807,136.642,343.735,184
ID30111,30111,20,4.801,136.656,344.759,185
ID30270,30270,20,4.807,136.971,345.25,186
ID30427,30427,20,4.791,137.514,345.031,187
ID30584,30584,20,4.826,137.368,344.411,188
ID30901,30901,20,4.83,137.046,344.34,189
ID30743,30743,20,4.883,136.81,344.353,190
ID31056,31056,20,4.881,136.396,344.32,191
ID31215,31215,20,4.867,136.867,344.561,192
ID31373,31373,20,4.882,137.457,343.691,193
ID31529,31529,20,4.946,137.319,343.185,194
ID31690,31690,20,4.942,137.282,342.405,195
ID31852,31852,20,4.916,137.317,342.426,196
ID32012,32012,20,4.949,137.242,342.058,197
ID32172,32172,20,4.876,136.26,341.856,198
ID32333,32333,20,4.888,135.87,341.384,199
ID32496,32496,20,4.895,135.086,341.342,200
ID32656,32656,20,4.883,135.058,341.467,201
ID32817,32817,20,4.825,135.369,342.337,202
ID32978,32978,20,4.844,134.713,342.464,203
ID33140,33140,20,4.849,135.473,342.314,204
ID33301,33301,20,4.865,135.1,342.689,205
ID33462,33462,20,4.878,135.649,342.091,206
ID33624,33624,20,4.85,135.408,342.108,207
ID33786,33786,20,4.857,134.8,342.343,208
ID33944,33944,20,4.865,135.543,343.078,209
ID34103,34103,20,4.813,136.675,343.618,210
ID34260,34260,20,4.81,136.622,343.538,211
ID34415,34415,20,4.816,135.978,342.881,212
ID34571,34571,20,4.811,135.57,342.627,213
ID34726,34726,20,4.832,135.659,341.854,214
ID34882,34882,20,4.823,135.813,342.176,215
ID35036,35036,20,4.811,135.184,342.668,216
ID35190,35190,20,4.804,135.206,341.954,217
ID35345,35345,20,4.809,135.982,341.943,218
ID35503,35503,20,4.813,135.476,342.443,219
ID35661,35661,20,4.862,135.623,341.926,220
ID35818,35818,20,4.802,136.133,341.846,221
ID35975,35975,20,4.834,136.365,341.244,222
ID36131,36131,20,4.815,137.054,341.5,223
ID36288,36288,20,4.874,136.683,341.131,224
ID36445,36445,20,4.848,137.14,340.211,225
ID36603,36603,20,4.794,137.286,339.832,226
ID37083,37083,20,4.75,137.417,338.653,227
ID36764,36764,20,4.764,137.184,338.758,228
ID36923,36923,20,4.723,136.938,338.531,229
ID37242,37242,20,4.746,137.988,339.381,230
ID37397,37397,20,4.806,138.111,339.683,231
ID37552,37552,20,4.89,138.259,339.631,232
ID37708,37708,20,4.807,138.189,339.344,233
ID37865,37865,20,4.82,138.03,338.76,234
ID38341,38341,20,4.821,137.976,338.751,235
ID38025,38025,20,4.838,137.962,339.316,236
ID38182,38182,20,4.782,137.623,339.483,237
ID38499,38499,20,4.866,137.662,339.73,238
ID38655,38655,20,4.848,137.455,340.079,239
ID38811,38811,20,4.836,137.797,339.848,240
ID39130,39130,20,4.85,137.639,339.752,241
ID38970,38970,20,4.851,137.669,339.863,242
ID39291,39291,20,4.852,137.572,339.642,243
ID39786,39786,20,4.867,137.786,339.901,244
ID39457,39457,20,4.841,138.863,339.983,245
ID39621,39621,20,4.836,138.659,339.915,246
ID39944,39944,20,4.813,137.998,340.217,247
ID40102,40102,20,4.858,138.398,339.953,248
ID40263,40263,20,4.82,138.306,340.423,249
ID40418,40418,20,4.788,137.412,340.488,250
ID40574,40574,20,4.847,137.748,340.348,251
ID40728,40728,20,4.793,138.575,340.189,252
ID40882,40882,20,4.817,139.157,340.554,253
ID41195,41195,20,4.818,138.468,339.957,254
ID41037,41037,20,4.799,138.095,340.151,255
ID41352,41352,20,4.844,137.212,340.01,256
ID41508,41508,20,4.779,137.212,340.176,257
ID41667,41667,20,4.781,137.184,338.889,258
ID41985,41985,20,4.74,136.697,338.812,259
ID41826,41826,20,4.795,135.963,338.455,260
ID42145,42145,20,4.768,136.211,338.142,261
ID42627,42627,20,4.76,135.786,338.42,262
ID42468,42468,20,4.807,135.149,338.492,263
ID42306,42306,20,4.807,135.171,339.229,264
ID42786,42786,20,4.842,135.013,338.593,265
ID43113,43113,20,4.837,134.993,338.804,266
ID42949,42949,20,4.817,134.926,338.437,267
ID43272,43272,20,4.817,135.405,338.804,268
ID43436,43436,20,4.81,135.75,338.883,269
ID43601,43601,20,4.788,135.698,339.831,270
ID43925,43925,20,4.807,135.077,340.571,271
ID43763,43763,20,4.831,135.286,340.652,272
ID44084,44084,20,4.78,136.306,341.227,273
ID44248,44248,20,4.782,136.493,340.547,274
ID44407,44407,20,4.791,137.228,339.768,275
ID44568,44568,20,4.769,137.082,340.183,276
ID44727,44727,20,4.794,137.134,339.36,277
ID45044,45044,20,4.789,137.686,340.755,278
ID44884,44884,20,4.79,136.847,340.289,279
ID45202,45202,20,4.765,135.575,340.058,280
ID45365,45365,20,4.767,135.29,340.399,281
ID45526,45526,20,4.777,134.971,340.466,282
ID45683,45683,20,4.788,135.75,340.595,283
ID45841,45841,20,4.733,136.78,341.172,284
ID46002,46002,20,4.79,137.112,341.055,285
ID46605,46605,20,4.743,136.689,340.65,286
ID46162,46162,20,4.755,136.561,340.483,287
ID46322,46322,20,4.81,136.792,340.068,288
ID46590,46590,20,4.766,136.482,340.041,289
ID46963,46963,20,4.737,136.961,340.813,290
ID46804,46804,20,4.748,136.735,340.302,291
ID47124,47124,20,4.794,136.473,340.233,292
ID47284,47284,20,4.769,136.518,339.86,293
ID47940,47940,20,4.773,136.274,339.433,294
ID47778,47778,20,4.755,136.327,339.48,295
ID47447,47447,20,4.814,136.38,338.832,296
ID47611,47611,20,4.823,136.148,338.772,297
ID48269,48269,20,4.813,136.096,339.259,298
ID48106,48106,20,4.826,136.314,339.547,299
ID48591,48591,20,4.685,137.577,338.574,300
ID48431,48431,20,4.557,138.299,337.77,301
ID48907,48907,20,4.5,138.546,337.23,302
ID48749,48749,20,4.385,139.339,336.564,303
ID49065,49065,20,4.349,140.27,336.402,304
ID49221,49221,20,4.29,141.437,336.131,305
ID49377,49377,20,4.322,141.516,336.457,306
ID49538,49538,20,4.283,140.865,336.318,307
ID49855,49855,20,4.283,141.078,336.948,308
ID49697,49697,20,4.203,141.52,336.983,309
ID50013,50013,20,4.207,141.144,337.386,310
ID50176,50176,20,4.175,141.608,338.332,311
ID50338,50338,20,4.235,141.694,339,312
ID50499,50499,20,4.239,142.122,338.304,313
ID50662,50662,20,4.235,142.586,337.961,314
ID50985,50985,20,4.207,142.377,338.137,315
ID50821,50821,20,4.163,142.305,338.019,316
ID51146,51146,20,4.146,142.351,338.853,317
ID51308,51308,20,4.15,142.801,338.097,318
ID51469,51469,20,4.135,142.694,338.887,319
ID51632,51632,20,4.094,142.761,338.805,320
ID51797,51797,20,4.094,141.892,339.606,321
ID51959,51959,20,4.05,142.935,339.431,322
ID52125,52125,20,4.046,143.055,339.201,323
ID52287,52287,20,4.053,142.705,339.649,324
ID52450,52450,20,4.07,142.059,339.83,325
ID52613,52613,20,4.065,143.257,338.916,326
ID52777,52777,20,4.051,142.97,338.51,327
ID52941,52941,20,4.069,143.22,339,328
ID53106,53106,20,4.084,144.055,338.628,329
ID53269,53269,20,4.075,144.506,338.789,330
ID53433,53433,20,4.081,143.555,338.939,331
ID53596,53596,20,4.091,143.711,338.061,332
ID53756,53756,20,4.072,143.465,337.894,333
ID53915,53915,20,4.082,143.341,336.895,334
ID54071,54071,20,4.046,142.645,336.616,335
ID54229,54229,20,4.101,142.371,336.077,336
ID54388,54388,20,4.158,140.966,335.271,337
ID54546,54546,20,4.162,140.573,335.274,338
ID54706,54706,20,4.169,140.744,335.665,339
ID55027,55027,20,4.17,140.341,335.525,340
ID55189,55189,20,4.123,141.148,336.709,341
ID54867,54867,20,4.065,141.035,337.458,342
ID55350,55350,20,4.101,140.873,336.878,343
ID55824,55824,20,4.088,141.076,336.967,344
ID55522,55522,20,4.07,141.011,336.593,345
ID55663,55663,20,4.028,140.672,336.223,346
ID55982,55982,20,4.03,140.363,335.561,347
ID56139,56139,20,4.051,139.263,335.644,348
ID56451,56451,20,4.059,139.548,335.207,349
ID56297,56297,20,4.066,139.852,335.433,350
ID56606,56606,20,4.064,139.101,335.552,351
ID56763,56763,20,4.091,138.167,335.491,352
ID56922,56922,20,4.124,138.844,335.427,353
ID57240,57240,20,4.141,138.994,334.804,354
ID57081,57081,20,4.136,139.443,334.675,355
ID57400,57400,20,4.13,139.277,334.375,356
ID57558,57558,20,4.128,139.467,334.348,357
ID57716,57716,20,4.165,139.53,334.593,358
ID58033,58033,20,4.132,139.71,335.076,359
ID57874,57874,20,4.156,139.273,334.336,360
ID58190,58190,20,4.171,139.168,334.058,361
ID58348,58348,20,4.143,139.505,335.132,362
ID58664,58664,20,4.152,139.282,335.041,363
ID58507,58507,20,4.153,138.808,334.448,364
ID58823,58823,20,4.16,138.773,335.174,365
ID58982,58982,20,4.176,138.751,335.558,366
ID59241,59241,20,4.238,138.227,335.444,367
ID59457,59457,20,4.207,138.973,334.971,368
ID59262,59262,20,4.197,139.741,335.687,369
ID59616,59616,20,4.13,140.591,336.93,370
ID59935,59935,20,4.119,140.667,336.74,371
ID59776,59776,20,4.126,140.742,336.444,372
ID60091,60091,20,4.14,140.048,336.457,373
ID60249,60249,20,4.135,140.479,336.906,374
ID60407,60407,20,4.178,140.274,336.24,375
ID60720,60720,20,4.121,140.816,336.157,376
ID60563,60563,20,4.143,141.241,335.972,377
ID60879,60879,20,4.147,140.012,335.121,378
ID61038,61038,20,4.171,140.099,335.241,379
ID61197,61197,20,4.169,140.106,335.124,380
ID61355,61355,20,4.17,139.542,335.274,381
ID61514,61514,20,4.19,140.182,335.366,382
ID61672,61672,20,4.182,140.161,334.73,383
ID61834,61834,20,4.177,140.067,334.731,384
ID61994,61994,20,4.176,140.033,334.436,385
ID62152,62152,20,4.176,140.283,334.027,386
ID62311,62311,20,4.177,140.25,334.36,387
ID62470,62470,20,4.174,140.499,334.006,388
ID62628,62628,20,4.172,140.327,333.586,389
ID62786,62786,20,4.181,140.809,333.421,390
ID62945,62945,20,4.138,140.477,332.697,391
ID63105,63105,20,4.154,140.839,332.736,392
ID63264,63264,20,4.167,140.293,332.58,393
ID63424,63424,20,4.22,139.068,332.718,394
ID63585,63585,20,4.191,138.542,332.425,395
ID63746,63746,20,4.273,138.188,331.757,396
ID63907,63907,20,4.22,137.755,331.357,397
ID64067,64067,20,4.24,137.635,331.974,398
ID64227,64227,20,4.287,137.865,331.983,399
ID64385,64385,20,4.269,137.419,332.169,400
ID64545,64545,20,4.258,137.522,332.006,401
ID64705,64705,20,4.239,137.557,332.484,402
ID64862,64862,20,4.276,137.948,332.193,403
ID65022,65022,20,4.216,139.025,332.395,404
ID65181,65181,20,4.171,138.59,331.67,405
ID65337,65337,20,4.184,138.483,331.417,406
ID65494,65494,20,4.144,138.51,331.657,407
ID65651,65651,20,4.159,138.415,331.297,408
ID65809,65809,20,4.155,138.387,331.276,409
ID65967,65967,20,4.167,138.402,330.375,410
ID66127,66127,20,4.203,138.933,329.539,411
ID66290,66290,20,4.199,138.85,329.426,412
ID66450,66450,20,4.281,138.856,330.501,413
ID66610,66610,20,4.246,138.007,330.639,414
ID66771,66771,20,4.247,138.241,330.398,415
ID66932,66932,20,4.215,137.957,329.92,416
ID67088,67088,20,4.183,138.47,329.843,417
ID67405,67405,20,4.22,138.658,329.002,418
ID67247,67247,20,4.242,138.55,328.856,419
ID67564,67564,20,4.254,138.636,327.949,420
ID67727,67727,20,4.247,138.357,328.42,421
ID68055,68055,20,4.241,138.151,328.549,422
ID67893,67893,20,4.256,138.09,329.343,423
ID68218,68218,20,4.258,138.868,330.321,424
ID68698,68698,20,4.276,139.241,329.642,425
ID68378,68378,20,4.214,139.485,329.166,426
ID68540,68540,20,4.279,139.431,328.987,427
ID68861,68861,20,4.239,140.168,330.187,428
ID69024,69024,20,4.255,140.955,329.97,429
ID69189,69189,20,4.265,141.118,329.874,430
ID69354,69354,20,4.308,140.185,329.899,431
ID69518,69518,20,4.297,139.102,329.351,432
ID69683,69683,20,4.293,139.136,329.411,433
ID69846,69846,20,4.3,139.27,329.699,434
ID70009,70009,20,4.267,140.604,330.721,435
ID70173,70173,20,4.245,141.276,330.448,436
ID70334,70334,20,4.231,141.412,330.217,437
ID70495,70495,20,4.243,142.092,330.292,438
ID70659,70659,20,4.241,142.117,330.276,439
ID70820,70820,20,4.287,140.545,330.81,440
ID70977,70977,20,4.328,140.719,330.444,441
ID71134,71134,20,4.335,140.282,329.519,442
ID71290,71290,20,4.315,140.203,329.545,443
ID71447,71447,20,4.331,139.923,330.145,444
ID71602,71602,20,4.297,140.713,329.885,445
ID71758,71758,20,4.326,140.404,329.868,446
ID71911,71911,20,4.269,140.687,329.581,447
ID72066,72066,20,4.254,140.539,329.821,448
ID72224,72224,20,4.229,141.404,328.809,449
ID72384,72384,20,4.249,140.9,327.963,450
ID72697,72697,20,4.239,140.782,328,451
ID72541,72541,20,4.243,139.533,326.812,452
ID72855,72855,20,4.264,139.454,327.114,453
ID73011,73011,20,4.235,140.381,326.89,454
ID73318,73318,20,4.232,140.874,326.896,455
ID73165,73165,20,4.185,141.546,327.56,456
ID73474,73474,20,4.222,141.547,327.056,457
ID73783,73783,20,4.209,141.639,327.681,458
ID73629,73629,20,4.215,141.575,327.595,459
ID73938,73938,20,4.202,142.143,328.767,460
ID74095,74095,20,4.141,142.004,327.989,461
ID74254,74254,20,4.151,142.317,327.609,462
ID74573,74573,20,4.199,142.476,327.214,463
ID74413,74413,20,4.196,142.258,327.481,464
ID74730,74730,20,4.189,142.06,328.5,465
ID75051,75051,20,4.185,141.914,328.477,466
ID74892,74892,20,4.161,141.96,328.503,467
ID75214,75214,20,4.196,141.819,328.565,468
ID75377,75377,20,4.287,140.936,328.371,469
ID75541,75541,20,4.391,139.553,328.777,470
ID75705,75705,20,4.339,139.954,329.65,471
ID75867,75867,20,4.327,140.44,329.525,472
ID76030,76030,20,4.309,141.409,329.304,473
ID76193,76193,20,4.306,141.374,329.645,474
ID76355,76355,20,4.333,141.339,330.294,475
ID76518,76518,20,4.348,141.139,329.503,476
ID76683,76683,20,4.318,141.275,329.968,477
ID76847,76847,20,4.324,141.702,328.887,478
ID77170,77170,20,4.313,142.457,329.002,479
ID77010,77010,20,4.373,142.486,329.053,480
ID77499,77499,20,4.383,142.437,329.064,481
ID77334,77334,20,4.386,141.972,328.579,482
ID77663,77663,20,4.37,142.583,329.166,483
ID77826,77826,20,4.377,141.72,329.447,484
ID78156,78156,20,4.4,140.911,328.979,485
ID77991,77991,20,4.408,141.206,328.73,486
ID78486,78486,20,4.411,141.141,328.593,487
ID78320,78320,20,4.431,140.788,329.491,488
ID78650,78650,20,4.484,140.272,329.709,489
ID78811,78811,20,4.562,139.762,329.492,490
ID78977,78977,20,4.563,140.107,329.996,491
ID79140,79140,20,4.521,140.062,330.212,492
ID79307,79307,20,4.491,140.638,330.772,493
ID79476,79476,20,4.496,140.851,330.563,494
ID79639,79639,20,4.43,141.028,330.509,495
ID79800,79800,20,4.466,139.868,329.658,496
ID79962,79962,20,4.451,139.661,329.279,497
ID80123,80123,20,4.456,140.109,329.221,498
ID80285,80285,20,4.431,140.329,328.644,499
ID80448,80448,20,4.505,140.244,328.396,500
ID80610,80610,20,4.451,140.567,327.562,501
ID80775,80775,20,4.482,141.023,328.059,502
ID80938,80938,20,4.456,141.731,328.508,503
ID81103,81103,20,4.437,141.793,328.505,504
ID81267,81267,20,4.451,142.019,328.068,505
ID81433,81433,20,4.398,141.493,328.538,506
ID81597,81597,20,4.411,141.913,328.925,507
ID81762,81762,20,4.407,141.454,328.982,508
ID81925,81925,20,4.432,141.719,328.821,509
ID82086,82086,20,4.431,141.085,328.982,510
ID82411,82411,20,4.422,141.802,329.057,511
ID82247,82247,20,4.43,141.386,328.304,512
ID82574,82574,20,4.414,141.141,328.954,513
ID82739,82739,20,4.403,140.867,329.003,514
ID82961,82961,20,4.371,140.658,328.862,515
ID83044,83044,20,4.424,140.553,329.274,516
ID83220,83220,20,4.379,140.037,329.254,517
ID83694,83694,20,4.391,139.988,329.006,518
ID83378,83378,20,4.375,140.849,329.34,519
ID83536,83536,20,4.327,140.773,328.408,520
ID83851,83851,20,4.38,140.462,328.71,521
ID84006,84006,20,4.363,141.237,327.965,522
ID84162,84162,20,4.358,141.085,327.693,523
ID84322,84322,20,4.338,141.448,327.972,524
ID84484,84484,20,4.377,141.193,328.11,525
ID84643,84643,20,4.381,140.989,328.354,526
ID84803,84803,20,4.376,141.574,327.43,527
ID84966,84966,20,4.386,141.386,327.529,528
ID85124,85124,20,4.375,141.664,326.77,529
ID85283,85283,20,4.414,141.705,326.893,530
ID85440,85440,20,4.421,141.705,326.211,531
ID85599,85599,20,4.409,141.44,326.758,532
ID85757,85757,20,4.369,141.709,326.404,533
ID85918,85918,20,4.309,142.549,326.419,534
ID86074,86074,20,4.287,141.4,326.702,535
ID86229,86229,20,4.302,141.079,327.439,536
ID86387,86387,20,4.326,141.181,326.381,537
ID86544,86544,20,4.313,140.9,326.333,538
ID86702,86702,20,4.31,140.961,326.581,539
ID86864,86864,20,4.283,141.839,325.839,540
ID87026,87026,20,4.305,140.948,325.758,541
ID87185,87185,20,4.263,141.477,326.103,542
ID87345,87345,20,4.282,141.033,325.954,543
ID87506,87506,20,4.323,140.978,325.617,544
ID87670,87670,20,4.321,141.381,325.601,545
ID87833,87833,20,4.334,141.721,324.825,546
ID87994,87994,20,4.325,142.438,324.044,547
ID88155,88155,20,4.277,142.534,323.596,548
ID88317,88317,20,4.297,144.089,323.669,549
ID88481,88481,20,4.262,143.339,323.904,550
ID88807,88807,20,4.299,142.81,323.734,551
ID88643,88643,20,4.333,142.322,323.52,552
ID89132,89132,20,4.324,142.555,323.336,553
ID88970,88970,20,4.309,142.716,322.681,554
ID89455,89455,20,4.354,141.384,323.444,555
ID89296,89296,20,4.393,141.058,323.422,556
ID89615,89615,20,4.394,140.669,324.279,557
ID89776,89776,20,4.407,140.522,324.161,558
ID90104,90104,20,4.393,140.704,324.498,559
ID89940,89940,20,4.39,140.768,324.429,560
ID90423,90423,20,4.402,140.669,323.359,561
ID90263,90263,20,4.415,140.394,323.805,562
ID90584,90584,20,4.381,141.305,322.539,563
ID90746,90746,20,4.403,140.401,322.093,564
ID91068,91068,20,4.378,140.544,321.1,565
ID90907,90907,20,4.365,140.698,320.943,566
ID91229,91229,20,4.359,140.471,321.157,567
ID91388,91388,20,4.362,140.323,319.612,568
ID91704,91704,20,4.339,139.309,320.286,569
ID91549,91549,20,4.345,138.789,320.011,570
ID91866,91866,20,4.357,138.24,320.6,571
ID92029,92029,20,4.381,137.939,320.042,572
ID92189,92189,20,4.386,138.779,320.081,573
ID92508,92508,20,4.371,139.428,319.966,574
ID92350,92350,20,4.37,138.917,320.084,575
ID92666,92666,20,4.407,139.326,320.497,576
ID92822,92822,20,4.42,139.025,320.52,577
ID92980,92980,20,4.451,138.878,320.083,578
ID93137,93137,20,4.417,138.869,320.284,579
ID93299,93299,20,4.421,139.147,320.428,580
ID93458,93458,20,4.428,139.073,319.753,581
ID93617,93617,20,4.406,139.569,319.761,582
ID93778,93778,20,4.409,139.117,319.905,583
ID93936,93936,20,4.406,138.805,320.623,584
ID94095,94095,20,4.384,139.209,321.104,585
ID94252,94252,20,4.42,138.719,321.253,586
ID94411,94411,20,4.406,138.968,320.999,587
ID94571,94571,20,4.42,139.083,320.935,588
ID94731,94731,20,4.434,139.491,320.145,589
ID94890,94890,20,4.408,139.748,319.225,590
ID95208,95208,20,4.372,140.585,317.728,591
ID95049,95049,20,4.349,141.287,316.943,592
ID95367,95367,20,4.305,140.612,317.08,593
ID95528,95528,20,4.266,140.567,316.981,594
ID96174,96174,20,4.217,140.552,316.912,595
ID95691,95691,20,4.206,140.383,316.276,596
ID96013,96013,20,4.148,140.21,316.229,597
ID95852,95852,20,4.123,140.464,317.653,598
ID96335,96335,20,4.058,140.632,317.732,599
ID96498,96498,20,4.111,140.801,318.48,600
ID96821,96821,20,4.135,141.225,317.984,601
ID96658,96658,20,4.155,140.389,317.898,602
ID96985,96985,20,4.13,141.069,317.054,603
ID97464,97464,20,4.114,140.646,317.387,604
ID97143,97143,20,4.133,140.081,316.657,605
ID97303,97303,20,4.111,140.83,317.412,606
ID97628,97628,20,4.117,141.339,317.805,607
ID97791,97791,20,4.101,141.731,317.968,608
ID98119,98119,20,4.094,142.357,318.231,609
ID97956,97956,20,4.077,141.832,317.335,610
ID98279,98279,20,4.129,141.51,318.198,611
ID98440,98440,20,4.135,141.19,317.356,612
ID98756,98756,20,4.135,141.142,317.037,613
ID98598,98598,20,4.129,140.797,316.909,614
ID98920,98920,20,4.109,140.609,316.981,615
ID99085,99085,20,4.088,140.335,316.815,616
ID99252,99252,20,4.068,140.885,316.706,617
ID99579,99579,20,4.098,140.271,317.662,618
ID99415,99415,20,4.135,140.454,317.831,619
ID99740,99740,20,4.167,139.697,318.542,620
ID99901,99901,20,4.151,139.578,317.836,621
ID100064,100064,20,4.157,140.273,317.469,622
ID100224,100224,20,4.177,139.867,317.221,623
ID100384,100384,20,4.11,140.484,317.765,624
ID100544,100544,20,4.096,140.645,317.793,625
ID100706,100706,20,4.084,141.434,317.818,626
ID100866,100866,20,4.081,140.766,318.425,627
ID101024,101024,20,4.053,140.604,317.656,628
ID101183,101183,20,4.039,139.96,317.943,629
ID101344,101344,20,4.044,139.64,317.889,630
ID101503,101503,20,4.037,139.599,317.178,631
ID101664,101664,20,4.028,140.07,316.542,632
ID101825,101825,20,4.05,139.895,315.935,633
ID101988,101988,20,4.036,139.995,315.71,634
ID102149,102149,20,4.066,138.786,315.609,635
ID102310,102310,20,4.067,139.02,316.072,636
ID102471,102471,20,4.023,139.292,315.751,637
ID102631,102631,20,4.012,138.883,316.561,638
ID102791,102791,20,4.056,139.217,317.03,639
ID102952,102952,20,4.064,138.906,317.21,640
ID103113,103113,20,4.008,137.646,317.217,641
ID103275,103275,20,3.966,137.557,317.352,642
ID103435,103435,20,3.993,137.211,317.726,643
ID103591,103591,20,4.009,137.172,317.938,644
ID103752,103752,20,4.02,137.26,317.674,645
ID103911,103911,20,4.063,136.254,317.41,646
ID104072,104072,20,4.034,136.722,317.558,647
ID104233,104233,20,4.03,136.722,317.622,648
ID104392,104392,20,4.044,135.974,317.059,649
ID104551,104551,20,4.109,136.106,316.75,650
ID104711,104711,20,4.1,135.969,316.833,651
ID105028,105028,20,4.094,136.117,316.237,652
ID104870,104870,20,4.086,135.756,315.435,653
ID105187,105187,20,4.095,135.981,315.28,654
ID105346,105346,20,4.126,135.636,316.07,655
ID105507,105507,20,4.179,135.539,315.687,656
ID105674,105674,20,4.207,136.192,314.98,657
ID105838,105838,20,4.255,136.009,315.341,658
ID105999,105999,20,4.271,135.647,315.364,659
ID106158,106158,20,4.261,135.71,315.651,660
ID106315,106315,20,4.278,135.907,315.722,661
ID106475,106475,20,4.284,136.687,316.529,662
ID106632,106632,20,4.38,136.247,316.38,663
ID106946,106946,20,4.36,136.276,315.657,664
ID106790,106790,20,4.32,136.446,315.734,665
ID107104,107104,20,4.33,137.223,316.508,666
ID107260,107260,20,4.331,138.157,315.36,667
ID107418,107418,20,4.33,138.082,315.398,668
ID107576,107576,20,4.277,137.86,315.082,669
ID107734,107734,20,4.265,138.802,315.205,670
ID107893,107893,20,4.308,138.222,315.545,671
ID108208,108208,20,4.303,137.607,316.202,672
ID108051,108051,20,4.282,138.325,316.371,673
ID108366,108366,20,4.299,139.13,315.51,674
ID108523,108523,20,4.268,140.109,315.522,675
ID108835,108835,20,4.298,139.341,315.543,676
ID108678,108678,20,4.293,139.081,316.111,677
ID108991,108991,20,4.289,139.385,316.173,678
ID109145,109145,20,4.262,139.457,316.311,679
ID109299,109299,20,4.238,139.409,316.177,680
ID109455,109455,20,4.248,138.68,316.183,681
ID109612,109612,20,4.252,138.704,315.52,682
ID109768,109768,20,4.229,139.527,315.624,683
ID110088,110088,20,4.2,139.916,315.986,684
ID109929,109929,20,4.2,139.975,315.327,685
ID110251,110251,20,4.158,140.852,316.098,686
ID110414,110414,20,4.143,140.571,316.385,687
ID110573,110573,20,4.159,140.92,315.964,688
ID110898,110898,20,4.157,140.263,316.444,689
ID110734,110734,20,4.168,139.126,317.393,690
ID111223,111223,20,4.167,138.475,317.103,691
ID111548,111548,20,4.165,139.358,316.191,692
ID111062,111062,20,4.184,139.256,316.173,693
ID111385,111385,20,4.111,139.681,315.335,694
ID111710,111710,20,4.182,139.508,314.598,695
ID111868,111868,20,4.127,139.792,314.165,696
ID112186,112186,20,4.056,140.045,314.393,697
ID112028,112028,20,4.072,141.096,314.328,698
ID112347,112347,20,4.077,141.11,313.533,699
ID112505,112505,20,4.103,140.175,313.716,700
ID112669,112669,20,4.136,140.778,312.991,701
ID112829,112829,20,4.12,140.812,313.957,702
ID113151,113151,20,4.129,141.445,313.753,703
ID112989,112989,20,4.147,141.485,314.099,704
ID113311,113311,20,4.16,141.183,314.111,705
ID113468,113468,20,4.14,141.244,314.734,706
ID113628,113628,20,4.139,141.631,314.684,707
ID113785,113785,20,4.115,142.351,314.558,708
ID114107,114107,20,4.136,143.163,313.938,709
ID113948,113948,20,4.123,142.95,313.689,710
ID114266,114266,20,4.08,143.215,313.745,711
ID114421,114421,20,4.109,143.178,313.15,712
ID114578,114578,20,4.106,142.564,312.439,713
ID114739,114739,20,4.118,142.114,313.241,714
ID114897,114897,20,4.098,142.333,313.156,715
ID115055,115055,20,4.071,142.06,314.216,716
ID115215,115215,20,4.128,142.427,313.968,717
ID115379,115379,20,4.101,141.629,314.061,718
ID115540,115540,20,4.096,142.606,313.744,719
ID115698,115698,20,4.08,142.715,312.75,720
ID115855,115855,20,4.046,142.865,311.865,721
ID116011,116011,20,4.064,143.225,311.859,722
ID116171,116171,20,4.073,142.98,312.001,723
ID116329,116329,20,4.08,142.389,312.674,724
ID116491,116491,20,4.112,142.54,313.652,725
ID116647,116647,20,4.138,142.681,314.673,726
ID116806,116806,20,4.128,143.289,314.028,727
ID116966,116966,20,4.166,143.034,315.05,728
ID117123,117123,20,4.173,143.183,315.016,729
ID117281,117281,20,4.111,143.398,315.462,730
ID117595,117595,20,4.111,142.662,316.261,731
ID117439,117439,20,4.135,142.548,316.284,732
ID117751,117751,20,4.156,142.669,315.982,733
ID117915,117915,20,4.117,144.716,315.493,734
ID118074,118074,20,4.149,146.466,315.217,735
ID118235,118235,20,4.107,146.212,315.892,736
ID118398,118398,20,4.134,146.254,315.822,737
ID118717,118717,20,4.104,146.366,315.716,738
ID118557,118557,20,4.175,145.914,314.728,739
ID118877,118877,20,4.174,145.997,314.151,740
ID119036,119036,20,4.16,145.981,314.748,741
ID119197,119197,20,4.196,146.238,313.784,742
ID119355,119355,20,4.217,146.841,313.082,743
ID119517,119517,20,4.237,146.774,313.163,744
ID119678,119678,20,4.221,146.635,312.537,745
ID119994,119994,20,4.22,145.585,312.3,746
ID119835,119835,20,4.22,145.468,311.631,747
ID120150,120150,20,4.241,145.332,311.364,748
ID120305,120305,20,4.238,145.607,311.238,749
ID120616,120616,20,4.255,145.853,310.974,750
ID120461,120461,20,4.253,146.083,311.143,751
ID120776,120776,20,4.295,146.279,310.601,752
ID120939,120939,20,4.251,145.865,310.859,753
ID121100,121100,20,4.257,145.734,311.492,754
ID121261,121261,20,4.29,145.814,311.269,755
ID121418,121418,20,4.286,146.612,311.533,756
ID121742,121742,20,4.353,146.957,312.311,757
ID121904,121904,20,4.355,146.779,312.273,758
ID121583,121583,20,4.346,146.561,312.288,759
ID122064,122064,20,4.327,146.765,313.087,760
ID122224,122224,20,4.257,146.017,313.319,761
ID122385,122385,20,4.189,145.423,314.019,762
ID122545,122545,20,4.105,144.397,314.587,763
ID122707,122707,20,4.143,144.712,314.531,764
ID123024,123024,20,4.167,144.528,314.38,765
ID122865,122865,20,4.236,144.924,314.147,766
ID123185,123185,20,4.224,144.444,314.441,767
ID123345,123345,20,4.223,144.314,313.916,768
ID123503,123503,20,4.224,144.483,314.534,769
ID123663,123663,20,4.265,144.261,313.87,770
ID123822,123822,20,4.301,144.623,313.568,771
ID123977,123977,20,4.286,144.186,314.046,772
ID124295,124295,20,4.309,145.013,314.013,773
ID124135,124135,20,4.335,144.759,313.86,774
ID124453,124453,20,4.318,144.753,313.824,775
ID124607,124607,20,4.357,144.953,313.516,776
ID124764,124764,20,4.366,144.922,312.016,777
ID124922,124922,20,4.346,144.817,312.547,778
ID125234,125234,20,4.303,144.624,312.246,779
ID125078,125078,20,4.222,144.327,311.855,780
ID125390,125390,20,4.203,144.142,311.982,781
ID125547,125547,20,4.201,144.159,311.93,782
ID125703,125703,20,4.182,144.976,312.003,783
ID125860,125860,20,4.169,145.39,312.021,784
ID126022,126022,20,4.185,145.394,312.024,785
ID126180,126180,20,4.157,144.656,312.64,786
ID126338,126338,20,4.194,145.314,312.048,787
ID126652,126652,20,4.182,144.699,312.059,788
ID126494,126494,20,4.215,144.812,311.969,789
ID126804,126804,20,4.216,144.89,311.976,790
ID126962,126962,20,4.222,145.567,311.772,791
ID127274,127274,20,4.244,145.436,311.478,792
ID127119,127119,20,4.251,145.504,311.984,793
ID127430,127430,20,4.271,146.222,311.184,794
ID127584,127584,20,4.243,145.386,312.938,795
ID127895,127895,20,4.227,146.08,313.501,796
ID127741,127741,20,4.199,145.764,313.667,797
ID128051,128051,20,4.21,145.132,313.525,798
ID128205,128205,20,4.242,145.652,313.728,799
ID128358,128358,20,4.22,145.967,313.551,800
ID128515,128515,20,4.197,146.727,314.591,801
ID128671,128671,20,4.231,146.986,315.181,802
ID128982,128982,20,4.246,146.843,314.391,803
ID129138,129138,20,4.236,147.05,314.401,804
ID128826,128826,20,4.194,147.736,313.775,805
ID129296,129296,20,4.209,147.784,313.535,806
ID129758,129758,20,4.207,147.869,313.428,807
ID129605,129605,20,4.191,147.108,314.076,808
ID129450,129450,20,4.24,147.056,313.658,809
ID129910,129910,20,4.167,146.984,313.547,810
ID130063,130063,20,4.167,146.976,313.837,811
ID130373,130373,20,4.158,146.24,313.921,812
ID130267,130267,20,4.171,146.239,313.724,813
ID130526,130526,20,4.2,146.009,313.448,814
ID130685,130685,20,4.222,146.272,313.304,815
ID130843,130843,20,4.179,145.306,314.365,816
ID130999,130999,20,4.206,145.387,314.239,817
ID131154,131154,20,4.222,144.532,314.29,818
ID131312,131312,20,4.283,144.752,314.02,819
ID131467,131467,20,4.282,144.835,314.764,820
ID131619,131619,20,4.29,145.576,313.995,821
ID131775,131775,20,4.337,145.667,314.061,822
ID131929,131929,20,4.312,146.301,314.262,823
ID132239,132239,20,4.339,146.92,312.743,824
ID132086,132086,20,4.334,147.465,312.517,825
ID132399,132399,20,4.288,148.087,312.675,826
ID132557,132557,20,4.251,147.902,312.657,827
ID132709,132709,20,4.299,148.307,312.612,828
ID132864,132864,20,4.297,148.101,312.61,829
ID133020,133020,20,4.315,148.061,312.745,830
ID133495,133495,20,4.33,147.83,312.696,831
ID133181,133181,20,4.35,147.805,312.639,832
ID133338,133338,20,4.404,147.779,313.238,833
ID133653,133653,20,4.442,148.631,313.138,834
ID133809,133809,20,4.399,147.995,313.84,835
ID133965,133965,20,4.438,147.801,313.914,836
ID134121,134121,20,4.515,147.77,313.471,837
ID134280,134280,20,4.482,147.999,313.864,838
ID134440,134440,20,4.47,147.46,313.316,839
ID134598,134598,20,4.47,147.879,311.989,840
ID134753,134753,20,4.435,148.069,311.984,841
ID134910,134910,20,4.367,148.087,311.846,842
ID135068,135068,20,4.356,148.131,310.455,843
ID135226,135226,20,4.344,148.109,311.218,844
ID135381,135381,20,4.337,147.268,311.207,845
ID135539,135539,20,4.325,147.815,311.227,846
ID135699,135699,20,4.338,147.908,311.424,847
ID135859,135859,20,4.336,147.905,311.452,848
ID136016,136016,20,4.346,147.962,311.024,849
ID136170,136170,20,4.325,148.598,310.258,850
ID136325,136325,20,4.332,148.696,310.979,851
ID136484,136484,20,4.361,148.664,311.02,852
ID136639,136639,20,4.35,148.5,311.827,853
ID136794,136794,20,4.31,149.035,311.563,854
ID136946,136946,20,4.319,148.916,310.807,855
ID137099,137099,20,4.299,149.293,310.817,856
ID137249,137249,20,4.264,150.06,311.406,857
ID137399,137399,20,4.248,150.104,311.642,858
ID137550,137550,20,4.203,149.289,310.675,859
ID137702,137702,20,4.261,148.32,310.303,860
ID137852,137852,20,4.278,148.778,309.591,861
ID138000,138000,20,4.256,149.471,309.476,862
ID138149,138149,20,4.252,149.354,309.491,863
ID138298,138298,20,4.233,149.905,309.668,864
ID138449,138449,20,4.237,150.236,310.664,865
ID138597,138597,20,4.262,150.025,310.661,866
ID138748,138748,20,4.298,149.113,309.974,867
ID138901,138901,20,4.31,148.823,309.245,868
ID139051,139051,20,4.312,148.977,309.476,869
ID139206,139206,20,4.29,149.113,309.381,870
ID139360,139360,20,4.27,149.243,309.555,871
ID139514,139514,20,4.24,149.238,309.616,872
ID139667,139667,20,4.22,149.8,309.383,873
ID139818,139818,20,4.209,150.051,310.039,874
ID139969,139969,20,4.225,149.915,309.51,875
ID140277,140277,20,4.209,149.206,310.145,876
ID140123,140123,20,4.208,149.182,310.19,877
ID140431,140431,20,4.179,150.09,310.782,878
ID140583,140583,20,4.17,150.831,310.94,879
ID140733,140733,20,4.165,150.79,310.906,880
ID141041,141041,20,4.182,150.33,310.329,881
ID140886,140886,20,4.186,149.933,310.318,882
ID141193,141193,20,4.132,149.209,309.626,883
ID141347,141347,20,4.127,148.797,310.333,884
ID141502,141502,20,4.129,148.637,310.558,885
ID141658,141658,20,4.151,148.787,311.491,886
ID141814,141814,20,4.123,148.718,310.704,887
ID141968,141968,20,4.124,148.023,311.443,888
ID142124,142124,20,4.145,147.842,311.173,889
ID142279,142279,20,4.095,147.681,310.728,890
ID142586,142586,20,4.095,147.405,310.469,891
ID142432,142432,20,4.118,147.325,311.058,892
ID142741,142741,20,4.152,147.325,311.278,893
ID142899,142899,20,4.171,146.249,311.597,894
ID143056,143056,20,4.185,145.625,311.685,895
ID143523,143523,20,4.189,146.468,311.623,896
ID143210,143210,20,4.166,146.131,311.664,897
ID143365,143365,20,4.193,146.958,310.915,898
ID143681,143681,20,4.135,146.765,310.812,899
ID143838,143838,20,4.165,146.435,311.31,900
ID143990,143990,20,4.192,147.758,311.245,901
ID144143,144143,20,4.166,147.784,310.599,902
ID144299,144299,20,4.187,148.423,310.008,903
ID144608,144608,20,4.174,148.294,310.265,904
ID144453,144453,20,4.165,148.88,310.293,905
ID144760,144760,20,4.126,148.077,309.44,906
ID144912,144912,20,4.085,148.03,308.749,907
ID145066,145066,20,4.096,147.681,308.525,908
ID145218,145218,20,4.106,147.712,309.256,909
ID145528,145528,20,4.105,147.888,310.031,910
ID145372,145372,20,4.13,148.344,310.195,911
ID145684,145684,20,4.126,147.584,310.212,912
ID145838,145838,20,4.103,147.792,310.22,913
ID146141,146141,20,4.124,148.38,310.442,914
ID145991,145991,20,4.092,149.009,310.532,915
ID146296,146296,20,4.112,148.154,309.78,916
ID146452,146452,20,4.099,148.695,309.628,917
ID146607,146607,20,4.103,148.625,309.402,918
ID146759,146759,20,4.101,148.324,308.642,919
ID146914,146914,20,4.091,147.525,308.589,920
ID147070,147070,20,4.062,146.66,308.755,921
ID147226,147226,20,4.048,146.766,308.66,922
ID147382,147382,20,4.044,146.723,308.995,923
ID147536,147536,20,4.036,146.458,309.082,924
ID147689,147689,20,4.082,145.828,310.022,925
ID147841,147841,20,4.078,145.366,309.942,926
ID147996,147996,20,4.077,145.881,310.194,927
ID148153,148153,20,4.093,145.657,310.532,928
ID148307,148307,20,4.095,145.068,310.692,929
ID148461,148461,20,4.065,145.07,310.669,930
ID148769,148769,20,4.111,145.502,310.322,931
ID148616,148616,20,4.086,145.583,310.098,932
ID148922,148922,20,4.13,145.732,309.191,933
ID149078,149078,20,4.135,145.555,308.446,934
ID149234,149234,20,4.14,146.425,307.708,935
ID149391,149391,20,4.172,146.542,307.574,936
ID149547,149547,20,4.188,146.634,307.573,937
ID149703,149703,20,4.188,147.323,307.886,938
ID149862,149862,20,4.131,146.773,306.975,939
ID150019,150019,20,4.102,146.497,307.568,940
ID150180,150180,20,4.105,146.522,307.483,941
ID150335,150335,20,4.162,146.107,307.317,942
ID150645,150645,20,4.193,145.855,307.496,943
ID150488,150488,20,4.206,145.146,307.623,944
ID150799,150799,20,4.225,145.049,308.316,945
ID150953,150953,20,4.225,145.17,309.985,946
ID151106,151106,20,4.205,145.254,310.78,947
ID151260,151260,20,4.214,145.022,311.19,948
ID151417,151417,20,4.186,144.77,311.104,949
ID151569,151569,20,4.178,144.707,311.072,950
ID151723,151723,20,4.153,144.886,311.042,951
ID151878,151878,20,4.174,145.158,310.484,952
ID152031,152031,20,4.156,144.84,310.884,953
ID152347,152347,20,4.139,145.101,311.295,954
ID152185,152185,20,4.13,144.935,312.02,955
ID152491,152491,20,4.137,145.719,311.587,956
ID152644,152644,20,4.116,145.928,311.588,957
ID152798,152798,20,4.114,147.24,311.075,958
ID152953,152953,20,4.098,147.072,310.461,959
ID153107,153107,20,4.041,147.306,309.173,960
ID153261,153261,20,4.05,147.301,309.565,961
ID153416,153416,20,4.031,147.538,310.366,962
ID153570,153570,20,4.05,147.186,310.293,963
ID153872,153872,20,4.062,147.213,311.078,964
ID153722,153722,20,4.016,147.091,311.515,965
ID154022,154022,20,4.017,147.822,311.555,966
ID154174,154174,20,3.981,147.276,311.54,967
ID154328,154328,20,3.981,147.567,310.934,968
ID154480,154480,20,3.979,146.589,310.75,969
ID154639,154639,20,3.984,147.44,311.542,970
ID154792,154792,20,3.965,147.501,310.746,971
ID154947,154947,20,3.966,147.363,310.757,972
ID155101,155101,20,4.035,147.141,310.491,973
ID155257,155257,20,4.056,147.071,310.272,974
ID155411,155411,20,4.061,147.572,310.733,975
ID155567,155567,20,4.067,147.077,310.855,976
ID155719,155719,20,4.09,147.66,310.61,977
ID155872,155872,20,4.079,147.648,310.519,978
ID156027,156027,20,4.073,148.301,309.866,979
ID156182,156182,20,4.089,148.355,310.46,980
ID156334,156334,20,4.071,147.844,310.384,981
ID156486,156486,20,4.059,147.883,309.525,982
ID156640,156640,20,4.059,148.415,309.567,983
ID156792,156792,20,4.04,148.71,309.515,984
ID157098,157098,20,4.085,148.981,309.24,985
ID156944,156944,20,4.098,149.919,308.892,986
ID157251,157251,20,4.116,150.192,308.151,987
ID157405,157405,20,4.1,150.223,308.38,988
ID157560,157560,20,4.094,150.141,309.285,989
ID157715,157715,20,4.063,149.546,310.096,990
ID157867,157867,20,4.057,149.06,310.678,991
ID158180,158180,20,4.021,149.406,309.925,992
ID158023,158023,20,4.006,148.714,309.751,993
ID158337,158337,20,4.001,148.607,309.665,994
ID158493,158493,20,4.006,149.34,308.807,995
ID158798,158798,20,4.01,149.944,308.826,996
ID158644,158644,20,4.013,149.911,308.675,997
ID158955,158955,20,4.023,150.328,308.957,998
ID159115,159115,20,4.013,150.039,309.671,999
ID159271,159271,20,4.026,149.993,309.365,1000
ID159428,159428,20,4.016,149.965,310.142,1001
ID159585,159585,20,3.994,150.467,310.009,1002
ID159741,159741,20,3.996,149.944,310.961,1003
ID159897,159897,20,3.998,149.685,310.963,1004
ID160052,160052,20,4.028,149.469,310.576,1005
ID160210,160210,20,4.019,149.463,310.457,1006
ID160368,160368,20,3.999,148.911,310.451,1007
ID160523,160523,20,4.028,149.421,309.777,1008
ID160677,160677,20,4.014,149.18,309.092,1009
ID160828,160828,20,3.991,149.07,308.277,1010
ID161135,161135,20,3.99,148.47,309.117,1011
ID160982,160982,20,4.003,148.308,309.224,1012
ID161289,161289,20,3.989,148.512,310.16,1013
ID161442,161442,20,3.989,148.036,310.976,1014
ID161595,161595,20,4.043,148.923,310.886,1015
ID161748,161748,20,4.026,149.582,310.773,1016
ID161903,161903,20,4.013,149.327,310.687,1017
ID162058,162058,20,4.042,148.989,309.897,1018
ID162213,162213,20,4.052,148.393,309.222,1019
ID162369,162369,20,4.036,148.732,308.942,1020
ID162526,162526,20,4.015,148.261,308.585,1021
ID162680,162680,20,4.042,148.111,308.152,1022
ID162838,162838,20,4.02,147.881,309.512,1023
ID162990,162990,20,4.046,148.023,309.778,1024
ID163297,163297,20,4.059,147.313,309.174,1025
ID163143,163143,20,4.053,147.292,308.913,1026
ID163449,163449,20,4.05,146.959,307.893,1027
ID163600,163600,20,4.023,147.513,307.344,1028
ID163754,163754,20,4.032,147.492,307.361,1029
ID163904,163904,20,4.088,148.06,306.799,1030
ID164060,164060,20,4.05,148.171,306.023,1031
ID164214,164214,20,4.057,147.538,305.956,1032
ID164365,164365,20,4.021,148.131,305.28,1033
ID164517,164517,20,4.048,148.282,304.557,1034
ID164821,164821,20,4.03,148.647,304.483,1035
ID164670,164670,20,4.045,147.946,304.839,1036
ID164976,164976,20,4.063,148.155,305.013,1037
ID165133,165133,20,4.03,148.322,305.609,1038
ID165440,165440,20,4.035,148.279,304.993,1039
ID165287,165287,20,4.047,148.999,305.069,1040
ID165743,165743,20,4.043,149.51,305.096,1041
ID165592,165592,20,4.046,148.089,305.177,1042
ID165894,165894,20,4.065,147.988,305.859,1043
ID166046,166046,20,4.061,147.996,306.117,1044
ID166348,166348,20,4.095,148.977,306.244,1045
ID166198,166198,20,4.07,147.516,306.355,1046
ID166501,166501,20,4.089,147.311,306.17,1047
ID166653,166653,20,4.087,146.999,306.358,1048
ID166803,166803,20,4.074,147.694,305.687,1049
ID166956,166956,20,4.037,148.097,306.672,1050
ID167103,167103,20,4.012,147.272,306.476,1051
ID167252,167252,20,4.002,147.353,305.867,1052
ID167551,167551,20,4.021,146.702,305.729,1053
ID167401,167401,20,4.049,146.077,306.112,1054
ID167701,167701,20,4.009,147.016,305.644,1055
ID167853,167853,20,4.015,147.77,305.632,1056
ID168005,168005,20,4.018,147.754,306.36,1057
ID168161,168161,20,4.009,148.231,305.729,1058
ID168316,168316,20,4.033,148.455,307.098,1059
ID168470,168470,20,4.016,148.447,307.848,1060
ID168625,168625,20,4.023,148.426,306.91,1061
ID168779,168779,20,4.035,148.921,306.357,1062
ID168932,168932,20,4.026,148.491,305.907,1063
ID169079,169079,20,4.004,148.064,305.188,1064
ID169228,169228,20,3.988,148.124,305.596,1065
ID169379,169379,20,4.015,146.775,306.032,1066
ID169529,169529,20,4.034,146.842,306.839,1067
ID169679,169679,20,4.029,147.888,307.694,1068
ID169956,169956,20,4.026,147.943,307.945,1069
ID169899,169899,20,4.024,148.468,307.301,1070
ID170129,170129,20,4.017,149.163,306.683,1071
ID170280,170280,20,3.998,149.76,307.369,1072
ID170431,170431,20,3.987,149.58,307.428,1073
ID170583,170583,20,3.956,149.979,307.412,1074
ID170735,170735,20,3.989,149.624,307.716,1075
ID170885,170885,20,3.976,148.913,307.729,1076
ID171038,171038,20,3.948,148.639,307.002,1077
ID171186,171186,20,3.929,148.53,306.417,1078
ID171480,171480,20,3.929,148.483,305.049,1079
ID171333,171333,20,3.948,149.026,305.032,1080
ID171626,171626,20,3.962,149.095,304.187,1081
ID172055,172055,20,3.929,149.183,303.698,1082
ID171766,171766,20,3.954,149.387,302.855,1083
ID171911,171911,20,3.979,149.384,303.065,1084
ID172491,172491,20,3.991,149.468,303.008,1085
ID172309,172309,20,3.967,149.537,303.049,1086
ID172271,172271,20,3.945,148.897,302.983,1087
ID172635,172635,20,3.971,149.092,302.598,1088
ID172782,172782,20,3.974,148.697,303.013,1089
ID172931,172931,20,3.954,149.385,303.674,1090
ID173227,173227,20,3.968,149.281,303.703,1091
ID173080,173080,20,3.94,148.798,302.859,1092
ID173371,173371,20,3.923,148.347,302.235,1093
ID173517,173517,20,3.947,148.842,302.617,1094
ID173817,173817,20,3.955,149.58,302.335,1095
ID173668,173668,20,3.986,148.606,302.287,1096
ID173964,173964,20,3.992,149.006,302.101,1097
ID174113,174113,20,3.969,149.185,302.808,1098
ID174260,174260,20,4.014,149.181,302.167,1099
ID174408,174408,20,3.983,150.033,301.966,1100
ID174555,174555,20,3.984,149.265,302.131,1101
ID174701,174701,20,3.991,149.962,302.205,1102
ID174851,174851,20,3.997,150.089,303.085,1103
ID174996,174996,20,3.99,150.087,303.007,1104
ID175140,175140,20,3.987,150.23,302.427,1105
ID175289,175289,20,3.998,150.534,302.53,1106
ID175432,175432,20,3.958,150.95,302.433,1107
ID175579,175579,20,3.96,151.241,302.434,1108
ID175727,175727,20,3.967,151,302.727,1109
ID175977,175977,20,3.962,150.449,302.233,1110
ID175955,175955,20,3.928,151.283,301.294,1111
ID176170,176170,20,3.904,150.324,301.937,1112
ID176318,176318,20,3.933,151.359,301.254,1113
ID176616,176616,20,3.894,150.646,301.841,1114
ID176467,176467,20,3.904,150.581,302.303,1115
ID176761,176761,20,3.951,150.398,302.309,1116
ID176911,176911,20,3.909,150.928,302.607,1117
ID177209,177209,20,3.946,151.004,302.19,1118
ID177059,177059,20,3.921,150.826,302.403,1119
ID177355,177355,20,3.949,150.759,301.649,1120
ID177500,177500,20,3.966,151.081,302.292,1121
ID177646,177646,20,3.94,150.622,301.597,1122
ID177793,177793,20,3.923,150.616,302.297,1123
ID177941,177941,20,3.923,149.791,301.917,1124
ID178089,178089,20,3.931,150.086,301.966,1125
ID178529,178529,20,3.952,150.234,302.295,1126
ID178382,178382,20,3.955,150.156,303.307,1127
ID178236,178236,20,3.972,151.04,303.583,1128
ID178678,178678,20,3.976,151.037,304.097,1129
ID178825,178825,20,3.967,150.616,304.857,1130
ID178968,178968,20,3.975,149.868,303.902,1131
ID179112,179112,20,3.972,150.442,303.102,1132
ID179260,179260,20,4.007,150.309,302.468,1133
ID179548,179548,20,3.993,150.626,302.996,1134
ID179405,179405,20,4,150.637,302.512,1135
ID179694,179694,20,3.984,150.667,302.504,1136
ID179840,179840,20,3.983,149.986,302.528,1137
ID179988,179988,20,3.988,150.62,302.973,1138
ID180284,180284,20,3.965,151.53,303.904,1139
ID180138,180138,20,3.972,150.753,304.758,1140
ID180428,180428,20,4.004,150.932,304.589,1141
ID180577,180577,20,4.013,150.364,305.133,1142
ID180725,180725,20,3.999,150.335,305.335,1143
ID180871,180871,20,4.007,150.276,305.479,1144
ID181018,181018,20,3.997,150.303,305.564,1145
ID181165,181165,20,4,150.316,305.679,1146
ID181313,181313,20,4.004,149.982,305.143,1147
ID181462,181462,20,4.016,149.999,305.042,1148
ID181608,181608,20,3.996,149.404,304.264,1149
ID181921,181921,20,3.995,149.256,303.368,1150
ID181756,181756,20,3.977,148.829,303.306,1151
ID182050,182050,20,3.957,150.012,301.659,1152
ID182198,182198,20,3.928,149.68,302.127,1153
ID182342,182342,20,3.933,148.877,302.074,1154
ID182630,182630,20,3.952,149.67,302.344,1155
ID182487,182487,20,3.932,150.272,302.173,1156
ID182918,182918,20,3.982,150.007,301.685,1157
ID182774,182774,20,3.992,150.778,302.4,1158
ID183065,183065,20,3.949,150.382,303.181,1159
ID183214,183214,20,3.946,150.381,302.99,1160
ID183509,183509,20,3.969,149.618,302.713,1161
ID183362,183362,20,3.975,149.664,302.546,1162
ID183657,183657,20,3.982,149.631,301.649,1163
ID183808,183808,20,4.039,149.756,301.66,1164
ID183958,183958,20,4.066,150.17,302.342,1165
ID184257,184257,20,4.086,150.169,301.348,1166
ID184108,184108,20,4.12,149.534,301.16,1167
ID184405,184405,20,4.129,148.936,300.985,1168
ID184553,184553,20,4.135,148.201,301.609,1169
ID184702,184702,20,4.149,148.816,301.706,1170
ID184848,184848,20,4.137,149.137,302.063,1171
ID184994,184994,20,4.141,148.916,301.959,1172
ID185141,185141,20,4.165,148.23,301.752,1173
ID185289,185289,20,4.16,148.198,302.494,1174
ID185437,185437,20,4.172,148.208,301.761,1175
ID185584,185584,20,4.162,148.102,301.934,1176
ID185731,185731,20,4.08,148.205,301.933,1177
ID185893,185893,20,4.073,148.901,301.095,1178
ID186179,186179,20,4.09,148.914,301.356,1179
ID186031,186031,20,4.096,148.118,302.084,1180
ID186331,186331,20,4.106,148.86,301.386,1181
ID186629,186629,20,4.104,148.752,301.419,1182
ID186480,186480,20,4.102,149.002,301.329,1183
ID186777,186777,20,4.077,148.961,301.155,1184
ID186923,186923,20,4.037,148.219,300.957,1185
ID187371,187371,20,4.017,149.001,300.952,1186
ID187070,187070,20,4.043,148.835,301.121,1187
ID187220,187220,20,4.047,148.702,301.129,1188
ID187820,187820,20,4.027,148.74,301.125,1189
ID187524,187524,20,4.053,149.634,301.134,1190
ID187969,187969,20,4.076,149.553,301.241,1191
ID187670,187670,20,4.083,149.763,300.368,1192
ID188116,188116,20,4.095,150.529,299.65,1193
ID188413,188413,20,4.079,150.46,299.466,1194
ID188269,188269,20,4.068,151.207,299.585,1195
ID188559,188559,20,4.055,150.466,298.801,1196
ID188706,188706,20,4.049,150.388,298.934,1197
ID188854,188854,20,4.035,150.423,299.606,1198
ID189003,189003,20,4.017,150.274,299.717,1199
ID189152,189152,20,4.056,150.233,300.144,1200
ID189301,189301,20,4.023,149.782,300.173,1201
ID189600,189600,20,3.996,148.8,300.206,1202
ID189450,189450,20,4.003,148.748,301.142,1203
ID189748,189748,20,4.024,148.684,300.398,1204
ID189899,189899,20,4.004,148.572,301.036,1205
ID190048,190048,20,4.017,148.279,301.059,1206
ID190197,190197,20,3.981,147.771,301.201,1207
ID190344,190344,20,3.943,148.133,300.537,1208
ID190494,190494,20,3.935,148.714,300.502,1209
ID190643,190643,20,3.921,148.594,300.298,1210
ID190793,190793,20,3.917,147.95,300.527,1211
ID190943,190943,20,3.937,148.085,300.643,1212
ID191208,191208,20,3.944,148.057,300.875,1213
ID191157,191157,20,3.955,147.692,300.553,1214
ID191391,191391,20,3.963,148.957,301.082,1215
ID191540,191540,20,3.954,149.599,301.208,1216
ID191692,191692,20,3.989,148.973,303.056,1217
ID191843,191843,20,3.991,149.098,303.836,1218
ID191993,191993,20,3.939,148.738,303.672,1219
ID192144,192144,20,3.952,148.805,303.643,1220
ID192295,192295,20,4.007,149.068,303.625,1221
ID192446,192446,20,4.013,148.866,302.817,1222
ID192596,192596,20,4.024,148.951,302.071,1223
ID192747,192747,20,4.028,147.726,301.658,1224
ID192893,192893,20,4.025,148.95,301.223,1225
ID193040,193040,20,4.033,148.33,302.087,1226
ID193185,193185,20,4.005,147.755,301.524,1227
ID193331,193331,20,4.016,148.019,301.563,1228
ID193481,193481,20,3.991,148.519,301.602,1229
ID193631,193631,20,4.013,147.722,301.894,1230
ID193932,193932,20,3.947,147.213,301.408,1231
ID193781,193781,20,4.011,146.387,300.354,1232
ID194079,194079,20,4.01,146.214,300.825,1233
ID194223,194223,20,3.979,145.928,300.801,1234
ID194370,194370,20,3.937,146.252,300.426,1235
ID194517,194517,20,3.975,145.861,300.939,1236
ID194665,194665,20,3.959,145.112,301.536,1237
ID194960,194960,20,3.946,145.085,301.78,1238
ID194813,194813,20,3.947,144.323,301.436,1239
ID195108,195108,20,3.957,143.668,302.257,1240
ID195411,195411,20,3.979,144.336,302.294,1241
ID195259,195259,20,3.99,144.447,303.021,1242
ID195562,195562,20,4.016,144.968,302.495,1243
ID195713,195713,20,4.063,145.84,302.796,1244
ID195865,195865,20,4.026,145.308,302.105,1245
ID196019,196019,20,4.088,145.836,302.583,1246
ID196170,196170,20,4.061,145.181,302.663,1247
ID196323,196323,20,4.068,145.023,302.807,1248
ID196781,196781,20,4.081,144.853,303.979,1249
ID196477,196477,20,4.089,144.109,303.575,1250
ID196628,196628,20,4.072,144.155,303.268,1251
ID196934,196934,20,4.037,144.195,303.53,1252
ID197239,197239,20,4.043,144.198,304.176,1253
ID197390,197390,20,4.036,144.667,304.761,1254
ID197089,197089,20,4.035,144.596,304.042,1255
ID197539,197539,20,4.047,144.599,303.406,1256
ID197988,197988,20,4.033,144.585,304.279,1257
ID197835,197835,20,4.053,144.356,303.48,1258
ID197687,197687,20,4.049,144.327,302.553,1259
ID198136,198136,20,4.027,144.052,302.444,1260
ID198441,198441,20,4.052,144.26,302.189,1261
ID198289,198289,20,3.985,144.454,302.285,1262
ID198748,198748,20,3.987,144.635,302.481,1263
ID198596,198596,20,3.996,144.566,303.636,1264
ID199052,199052,20,4.017,144.399,303.626,1265
ID198901,198901,20,4.021,144.011,303.884,1266
ID199198,199198,20,4.034,144.167,303.782,1267
ID199345,199345,20,3.972,144.312,303.232,1268
ID199646,199646,20,3.998,144.177,302.892,1269
ID199498,199498,20,4.008,144.127,303.703,1270
ID199799,199799,20,4.024,144.889,304.322,1271
ID199947,199947,20,4.019,145.048,303.499,1272
ID200545,200545,20,4.016,145.705,304.033,1273
ID200100,200100,20,4.065,145.852,303.652,1274
ID200398,200398,20,4.081,144.691,304.313,1275
ID200250,200250,20,4.061,144.818,303.604,1276
ID200693,200693,20,4.072,145.107,304.155,1277
ID200990,200990,20,4.085,145.044,304.538,1278
ID200841,200841,20,4.086,144.128,304.627,1279
ID201135,201135,20,4.055,143.324,304.618,1280
ID201285,201285,20,4.059,143.47,303.701,1281
ID201435,201435,20,4.065,143.381,304.224,1282
ID201586,201586,20,4.019,143.043,304.586,1283
ID201734,201734,20,4.027,142.852,304.546,1284
ID201883,201883,20,3.972,142.679,304.847,1285
ID202179,202179,20,3.991,143.319,304.891,1286
ID202031,202031,20,3.968,142.984,305.634,1287
ID202327,202327,20,3.98,142.177,305.896,1288
ID202474,202474,20,4.029,141.543,305.178,1289
ID202772,202772,20,4.033,141.897,304.362,1290
ID202623,202623,20,4.032,142.259,304.766,1291
ID203068,203068,20,4.041,141.67,304.223,1292
ID202921,202921,20,4.041,141.4,304.347,1293
ID203216,203216,20,4.044,141.405,304.555,1294
ID203362,203362,20,3.996,141.5,305.455,1295
ID203506,203506,20,3.971,141.407,305.733,1296
ID203650,203650,20,3.967,141.122,304.858,1297
ID203796,203796,20,3.96,142.176,305.437,1298
ID203943,203943,20,3.968,142.111,306.673,1299
ID204237,204237,20,3.961,142.057,306.997,1300
ID204091,204091,20,4.001,142.137,306.706,1301
ID204386,204386,20,4.028,142.319,306.449,1302
ID204533,204533,20,4.045,141.844,306.462,1303
ID204684,204684,20,4.086,140.994,306.575,1304
ID204831,204831,20,4.084,140.467,306.429,1305
ID204976,204976,20,4.131,141.09,306.286,1306
ID205122,205122,20,4.134,141.15,306.899,1307
ID205267,205267,20,4.095,140.889,307.519,1308
ID205416,205416,20,4.104,140.761,306.901,1309
ID205566,205566,20,4.117,141.193,307.339,1310
ID205718,205718,20,4.112,140.903,307.516,1311
ID205871,205871,20,4.057,140.164,307.508,1312
ID206024,206024,20,4.112,141.019,307.036,1313
ID206205,206205,20,4.112,140.92,307.715,1314
ID206334,206334,20,4.097,141.659,307.697,1315
ID206488,206488,20,4.137,141.338,307.192,1316
ID206639,206639,20,4.157,142.601,306.857,1317
ID207085,207085,20,4.075,142.009,306.472,1318
ID206936,206936,20,4.066,141.398,305.935,1319
ID206789,206789,20,4.039,141.952,305.002,1320
ID207531,207531,20,4.073,141.934,304.785,1321
ID207282,207282,20,4.038,141.879,304.766,1322
ID207376,207376,20,4.05,141.866,305.009,1323
ID207679,207679,20,4.073,142.252,305.394,1324
ID207974,207974,20,4.092,142.618,305.204,1325
ID207826,207826,20,4.08,142.336,304.59,1326
ID208272,208272,20,4.101,142.484,304.577,1327
ID208124,208124,20,4.074,142.331,304.745,1328
ID208572,208572,20,4.1,142.784,304.412,1329
ID208424,208424,20,4.135,144.256,304.293,1330
ID208721,208721,20,4.134,143.506,304.364,1331
ID208873,208873,20,4.114,144.199,304.221,1332
ID209022,209022,20,4.128,143.111,303.902,1333
ID209173,209173,20,4.112,142.882,304.594,1334
ID209322,209322,20,4.116,141.958,304.25,1335
ID209473,209473,20,4.098,142.125,303.37,1336
ID209625,209625,20,4.06,141.938,304.117,1337
ID209921,209921,20,4.093,142.118,303.283,1338
ID210070,210070,20,4.077,142.228,303.319,1339
ID209772,209772,20,4.088,142.043,302.637,1340
ID210365,210365,20,4.076,142.445,303.334,1341
ID210511,210511,20,4.06,142.452,303.074,1342
ID210216,210216,20,4.058,143.075,303.641,1343
ID210659,210659,20,4.073,142.968,302.859,1344
ID210805,210805,20,4.041,142.956,302.772,1345
ID211094,211094,20,4.066,143.072,302.045,1346
ID210948,210948,20,4.076,143.79,302.077,1347
ID211239,211239,20,4.051,144.502,301.893,1348
ID211394,211394,20,4.058,145.235,301.893,1349
ID211546,211546,20,4.054,144.873,302.454,1350
ID211697,211697,20,4.044,144.752,302.661,1351
ID211846,211846,20,4.042,144.847,302.351,1352
ID212287,212287,20,4.021,145.471,302.479,1353
ID211994,211994,20,4.021,145.32,302.417,1354
ID212141,212141,20,4.059,144.405,302.599,1355
ID212434,212434,20,4.084,144.41,301.827,1356
ID212584,212584,20,4.083,143.854,301.656,1357
ID212879,212879,20,4.118,144.151,300.929,1358
ID212732,212732,20,4.1,144.682,300.703,1359
ID213029,213029,20,4.106,144.113,300.657,1360
ID213176,213176,20,4.083,143.393,301.373,1361
ID213322,213322,20,4.11,144.101,301.267,1362
ID213470,213470,20,4.092,144.639,300.479,1363
ID213616,213616,20,4.114,145.453,300.372,1364
ID213767,213767,20,4.148,146.164,299.517,1365
ID213915,213915,20,4.181,146.332,299.089,1366
ID214064,214064,20,4.196,147.071,298.906,1367
ID214212,214212,20,4.206,147.903,299.118,1368
ID214360,214360,20,4.15,148.555,299.242,1369
ID214508,214508,20,4.147,147.952,298.971,1370
ID214655,214655,20,4.119,147.679,298.994,1371
ID214948,214948,20,4.142,146.843,299.082,1372
ID214802,214802,20,4.093,145.521,298.943,1373
ID215096,215096,20,4.132,145.507,298.177,1374
ID215241,215241,20,4.158,145.441,297.974,1375
ID215384,215384,20,4.158,146.006,298.735,1376
ID215528,215528,20,4.158,146.021,297.348,1377
ID215673,215673,20,4.138,145.909,297.223,1378
ID215818,215818,20,4.099,145.006,296.615,1379
ID215964,215964,20,4.074,145.396,296.89,1380
ID216113,216113,20,4.059,145.519,296.024,1381
ID216407,216407,20,4.067,145.386,296.342,1382
ID216259,216259,20,4.07,145.563,295.806,1383
ID216554,216554,20,4.078,145.42,295.721,1384
ID216703,216703,20,4.059,145.518,296.598,1385
ID216850,216850,20,4.088,146.531,296.34,1386
ID216999,216999,20,4.096,145.776,296.046,1387
ID217148,217148,20,4.1,145.896,295.189,1388
ID217297,217297,20,4.094,145.992,295.143,1389
ID217446,217446,20,4.043,145.739,295.749,1390
ID217595,217595,20,4.044,146.318,295.766,1391
ID217742,217742,20,4.013,146.274,295.684,1392
ID217891,217891,20,4.007,145.939,294.762,1393
ID218038,218038,20,4.015,146.203,295.498,1394
ID218184,218184,20,4.011,146.355,295.242,1395
ID218332,218332,20,4.006,146.6,295.037,1396
ID218481,218481,20,3.966,146.619,294.523,1397
ID218626,218626,20,3.997,146.526,294.785,1398
ID218771,218771,20,4.001,146.16,294.822,1399
ID218918,218918,20,4.022,146.45,295.008,1400
ID219064,219064,20,4.029,146.184,294.984,1401
ID219214,219214,20,3.999,146.155,295.381,1402
ID219357,219357,20,3.967,144.933,296.37,1403
ID219506,219506,20,4.005,144.442,296.47,1404
ID219650,219650,20,4.024,144.645,296.392,1405
ID219796,219796,20,3.978,144.555,295.799,1406
ID219942,219942,20,3.983,143.927,295.916,1407
ID220089,220089,20,3.984,143.933,296.726,1408
ID220239,220239,20,4.03,143.318,295.786,1409
ID220387,220387,20,4.078,143.95,295.424,1410
ID220531,220531,20,4.104,143.176,296.049,1411
ID220674,220674,20,4.136,143.295,296.327,1412
ID220816,220816,20,4.14,143.221,296.714,1413
ID220959,220959,20,4.123,143.117,296.371,1414
ID221241,221241,20,4.113,141.797,296.292,1415
ID221099,221099,20,4.087,141.783,295.764,1416
ID221382,221382,20,4.094,142.506,295.883,1417
ID221530,221530,20,4.121,142.281,295.956,1418
ID221678,221678,20,4.1,142.686,295.507,1419
ID221827,221827,20,4.135,142.997,294.996,1420
ID222117,222117,20,4.102,143.486,294.674,1421
ID221973,221973,20,4.107,142.72,294.65,1422
ID222263,222263,20,4.108,142.731,294.453,1423
ID222411,222411,20,4.119,143.89,294.421,1424
ID222557,222557,20,4.105,144.02,293.584,1425
ID222702,222702,20,4.08,143.824,292.649,1426
ID222849,222849,20,4.068,143.561,292.656,1427
ID223145,223145,20,4.086,144.652,292.845,1428
ID222995,222995,20,4.093,143.354,293.669,1429
ID223295,223295,20,4.105,143.402,293.873,1430
ID223440,223440,20,4.086,143.434,293.431,1431
ID223588,223588,20,4.084,143.595,293.525,1432
ID223734,223734,20,4.053,143.037,293.375,1433
ID223882,223882,20,4.018,143.186,293.547,1434
ID224025,224025,20,4.025,142.786,293.158,1435
ID224167,224167,20,3.953,142.757,293.109,1436
ID224455,224455,20,3.97,143.232,293.447,1437
ID224310,224310,20,3.981,143.239,292.659,1438
ID224600,224600,20,3.943,143.846,292.837,1439
ID224743,224743,20,4.022,143.32,294.147,1440
ID224884,224884,20,4.047,143.243,294.299,1441
ID225028,225028,20,4.003,142.56,294.67,1442
ID225171,225171,20,3.977,142.738,293.993,1443
ID225315,225315,20,3.971,142.571,293.885,1444
ID225457,225457,20,3.975,142.636,293.878,1445
ID225602,225602,20,3.967,142.934,292.855,1446
ID225747,225747,20,3.966,143.083,292.79,1447
ID225892,225892,20,3.971,143.274,293.184,1448
ID226034,226034,20,4.002,143.244,292.644,1449
ID226175,226175,20,4.027,143.604,292.751,1450
ID226317,226317,20,4.055,143.839,292.303,1451
ID226458,226458,20,4.039,144.418,292.23,1452
ID226703,226703,20,4.028,144.3,292.1,1453
ID226672,226672,20,4.029,144.188,292.055,1454
ID226884,226884,20,3.978,144.84,291.887,1455
ID227024,227024,20,3.981,144.324,290.289,1456
ID227311,227311,20,3.971,144.201,289.89,1457
ID227166,227166,20,3.984,144.197,289.294,1458
ID227456,227456,20,3.943,144.296,290.039,1459
ID227603,227603,20,3.958,144.315,289.3,1460
ID227749,227749,20,3.937,144.432,289.337,1461
ID227895,227895,20,3.966,144.826,289.886,1462
ID228038,228038,20,3.967,144.644,289.42,1463
ID228324,228324,20,3.975,144.355,290.334,1464
ID228180,228180,20,3.912,144.366,291.512,1465
ID228469,228469,20,3.911,143.62,291.611,1466
ID228610,228610,20,3.95,143.828,292.521,1467
ID228753,228753,20,4.017,144.058,292.823,1468
ID228896,228896,20,4.06,143.848,293.008,1469
ID229040,229040,20,4.087,143.956,292.581,1470
ID229186,229186,20,4.074,143.495,292.123,1471
ID229475,229475,20,4.098,143.87,292.684,1472
ID229332,229332,20,4.053,144.57,292.662,1473
ID229621,229621,20,4.065,144.442,292.671,1474
ID229766,229766,20,4.073,144.238,291.892,1475
ID229910,229910,20,4.069,143.599,292.294,1476
ID230053,230053,20,4.068,142.757,293.41,1477
ID230195,230195,20,4.055,142.758,293.366,1478
ID230336,230336,20,4.096,143.847,293.468,1479
ID230481,230481,20,4.101,144.15,292.907,1480
ID230623,230623,20,4.053,144.002,292.569,1481
ID230764,230764,20,4.031,144.687,292.491,1482
ID230907,230907,20,4.014,145.979,293.255,1483
ID231051,231051,20,4.011,145.469,293.116,1484
ID231194,231194,20,4.02,145.887,293.025,1485
ID231337,231337,20,4.047,145.709,292.386,1486
ID231481,231481,20,4.08,146.714,292.228,1487
ID231626,231626,20,4.081,147.282,292.288,1488
ID231920,231920,20,4.067,147.316,292.289,1489
ID231772,231772,20,4.036,147.066,292.373,1490
ID232212,232212,20,4.044,147.051,292.961,1491
ID232067,232067,20,4.041,147.56,293.041,1492
ID232362,232362,20,4.025,147.007,293.519,1493
ID232509,232509,20,4.04,146.486,293.889,1494
ID232657,232657,20,4.057,146.593,293.998,1495
ID232806,232806,20,4.079,147.244,293.305,1496
ID232952,232952,20,4.088,146.583,293.089,1497
ID233096,233096,20,4.085,146.066,293.644,1498
ID233388,233388,20,4.082,146.798,293.526,1499
ID233241,233241,20,4.09,146.896,293.742,1500
ID233536,233536,20,4.04,146.894,293.944,1501
ID233682,233682,20,4.021,146.154,294.456,1502
ID233969,233969,20,4.021,146.923,295.227,1503
ID233825,233825,20,3.988,147.054,294.954,1504
ID234110,234110,20,3.97,147.039,294.372,1505
ID234256,234256,20,3.98,147.022,294.41,1506
ID234397,234397,20,3.985,146.07,294.33,1507
ID234540,234540,20,3.975,145.941,293.713,1508
ID234685,234685,20,4.001,145.552,294.139,1509
ID234831,234831,20,4.008,145.608,294.119,1510
ID234974,234974,20,3.996,146.156,294.364,1511
ID235117,235117,20,3.997,146.387,294.394,1512
ID235258,235258,20,3.972,146.234,293.76,1513
ID235402,235402,20,3.95,146.411,293.875,1514
ID235548,235548,20,3.952,146.34,293.726,1515
ID235693,235693,20,3.996,145.54,294.321,1516
ID235837,235837,20,3.994,145.545,294.296,1517
ID235983,235983,20,3.991,145.983,294.116,1518
ID236129,236129,20,4.002,146.001,294.865,1519
ID236273,236273,20,3.968,146.78,294.825,1520
ID236417,236417,20,3.97,147.424,294.054,1521
ID236563,236563,20,3.982,146.751,294.698,1522
ID236711,236711,20,4.035,146.919,295.025,1523
ID237005,237005,20,4.01,146.243,294.96,1524
ID236857,236857,20,4.029,145.475,295.601,1525
ID237151,237151,20,3.997,145.273,295.16,1526
ID237299,237299,20,3.996,145.272,295.236,1527
ID237443,237443,20,4.023,144.862,295.938,1528
ID237587,237587,20,4.027,145.416,295.949,1529
ID237737,237737,20,4.057,145.516,296.133,1530
ID237880,237880,20,4.06,145.314,296.305,1531
ID238026,238026,20,4.044,145.147,296.257,1532
ID238316,238316,20,4.033,144.872,296.034,1533
ID238171,238171,20,4.029,145.154,296.079,1534
ID238461,238461,20,4.009,145.533,296.056,1535
ID238603,238603,20,3.988,145.861,295.354,1536
ID238745,238745,20,3.967,145.104,294.595,1537
ID238890,238890,20,3.988,144.92,294.548,1538
ID239034,239034,20,4.034,144.369,294.055,1539
ID239321,239321,20,4.035,144.642,295.236,1540
ID239177,239177,20,4.043,144.191,294.671,1541
ID239464,239464,20,4.011,144.397,295.544,1542
ID239609,239609,20,4.073,144.466,296.258,1543
ID239753,239753,20,4.085,144.234,296.055,1544
ID239897,239897,20,4.09,144.558,295.395,1545
ID240040,240040,20,4.105,144.488,295.753,1546
ID240182,240182,20,4.092,144.431,295.856,1547
ID240324,240324,20,4.087,145.104,296.55,1548
ID240607,240607,20,4.079,144.552,297.09,1549
ID240465,240465,20,4.066,144.465,297.047,1550
ID240748,240748,20,4.091,143.261,297.159,1551
ID240891,240891,20,4.072,143.55,297.899,1552
ID241035,241035,20,4.102,143.654,297.968,1553
ID241177,241177,20,4.145,143.923,297.908,1554
ID241318,241318,20,4.128,144.077,297.556,1555
ID241463,241463,20,4.142,144.19,298.401,1556
ID241607,241607,20,4.122,144.341,299.231,1557
ID241753,241753,20,4.124,144.453,298.708,1558
ID241897,241897,20,4.087,144.568,298.449,1559
ID242183,242183,20,4.113,144.494,298.455,1560
ID242040,242040,20,4.142,144.174,298.944,1561
ID242327,242327,20,4.145,144.369,298.925,1562
ID242472,242472,20,4.131,144.487,298.686,1563
ID242618,242618,20,4.125,144.483,298.637,1564
ID242910,242910,20,4.096,144.948,299.183,1565
ID242764,242764,20,4.122,144.625,298.53,1566
ID243060,243060,20,4.152,143.706,297.709,1567
ID243355,243355,20,4.144,143.69,298.619,1568
ID243207,243207,20,4.142,143.698,299.361,1569
ID243503,243503,20,4.171,142.245,299.405,1570
ID243649,243649,20,4.195,142.368,299.411,1571
ID243796,243796,20,4.199,141.558,299.243,1572
ID243942,243942,20,4.166,141.354,298.965,1573
ID244090,244090,20,4.174,141.436,298.681,1574
ID244236,244236,20,4.176,141.012,298.609,1575
ID244527,244527,20,4.155,141.48,298.552,1576
ID244383,244383,20,4.18,141.957,297.748,1577
ID244813,244813,20,4.147,141.808,297.533,1578
ID245101,245101,20,4.093,142.078,297.644,1579
ID244670,244670,20,4.095,141.934,297.272,1580
ID244955,244955,20,4.138,142.768,297.854,1581
ID245247,245247,20,4.144,142.094,297.833,1582
ID245682,245682,20,4.143,141.281,298.554,1583
ID245391,245391,20,4.177,140.466,299.488,1584
ID245537,245537,20,4.207,140.545,299.102,1585
ID245968,245968,20,4.23,140.69,298.925,1586
ID245825,245825,20,4.222,141.32,298.876,1587
ID246112,246112,20,4.175,141.022,299.422,1588
ID246255,246255,20,4.169,141.706,299.552,1589
ID246399,246399,20,4.197,140.931,299.769,1590
ID246690,246690,20,4.168,140.875,299.607,1591
ID246545,246545,20,4.187,140.796,299.926,1592
ID246836,246836,20,4.206,141.019,299.614,1593
ID246981,246981,20,4.189,140.814,298.74,1594
ID247127,247127,20,4.247,141.044,298.593,1595
ID247270,247270,20,4.227,140.448,299.415,1596
ID247415,247415,20,4.269,140.104,299.519,1597
ID247560,247560,20,4.258,140.373,299.631,1598
ID247703,247703,20,4.286,140.248,299.295,1599
ID247848,247848,20,4.278,140.228,300.053,1600
ID247992,247992,20,4.239,140.243,300.751,1601
ID248275,248275,20,4.247,140.266,300.727,1602
ID248134,248134,20,4.246,140.646,300.598,1603
ID248418,248418,20,4.258,141.764,299.961,1604
ID248559,248559,20,4.268,141.897,299.458,1605
ID248700,248700,20,4.244,141.995,299.723,1606
ID248983,248983,20,4.267,142.056,299.876,1607
ID248840,248840,20,4.277,142.131,300.458,1608
ID249124,249124,20,4.265,141.406,300.35,1609
ID249268,249268,20,4.229,141.2,300.49,1610
ID249412,249412,20,4.259,141.281,300.237,1611
ID249555,249555,20,4.258,141.304,300.302,1612
ID249698,249698,20,4.209,141.293,300.4,1613
ID249841,249841,20,4.221,140.914,300.127,1614
ID249982,249982,20,4.184,140.875,299.357,1615
ID250125,250125,20,4.187,140.872,299.341,1616
ID250267,250267,20,4.19,141.189,299.492,1617
ID250410,250410,20,4.201,141.2,299.446,1618
ID250553,250553,20,4.195,141.03,299.524,1619
ID250694,250694,20,4.181,140.934,300.277,1620
ID250837,250837,20,4.219,141.045,300.166,1621
ID250982,250982,20,4.221,141.182,299.88,1622
ID251128,251128,20,4.235,141.105,299.199,1623
ID251360,251360,20,4.219,141.469,299.16,1624
ID251361,251361,20,4.239,141.148,299.215,1625
ID251555,251555,20,4.226,141.599,299.2,1626
ID251696,251696,20,4.226,141.204,299.03,1627
ID251983,251983,20,4.2,141.048,298.795,1628
ID251838,251838,20,4.193,140.963,297.914,1629
ID252124,252124,20,4.169,141.019,298.56,1630
ID252263,252263,20,4.152,141.533,297.757,1631
ID252549,252549,20,4.128,140.961,297.636,1632
ID252833,252833,20,4.133,140.252,298.467,1633
ID252408,252408,20,4.165,140.089,298.113,1634
ID252692,252692,20,4.159,140.136,298.023,1635
ID252975,252975,20,4.16,138.903,297.798,1636
ID253263,253263,20,4.148,139.357,297.193,1637
ID253120,253120,20,4.204,139.521,296.842,1638
ID253409,253409,20,4.189,139.36,296.773,1639
ID253555,253555,20,4.192,140.192,297.655,1640
ID253989,253989,20,4.194,140.416,297.751,1641
ID253700,253700,20,4.198,140.517,297.96,1642
ID253844,253844,20,4.187,140.33,297.168,1643
ID254133,254133,20,4.18,140.397,297.245,1644
ID254284,254284,20,4.175,140.759,297.318,1645
ID254433,254433,20,4.124,141.332,296.337,1646
ID254581,254581,20,4.048,141.281,295.46,1647
ID254726,254726,20,4.074,141.392,294.991,1648
ID254890,254890,20,4.068,142.069,294.761,1649
ID255021,255021,20,4.082,142.643,294.558,1650
ID255168,255168,20,4.049,142.353,295.17,1651
ID255318,255318,20,4.057,142.158,295.255,1652
ID255466,255466,20,4.047,142.182,295.432,1653
ID255612,255612,20,4.072,141.28,296.395,1654
ID255758,255758,20,4.118,141.447,296.408,1655
ID255900,255900,20,4.146,141.412,296.874,1656
ID256045,256045,20,4.111,141.789,296.196,1657
ID256191,256191,20,4.111,141.654,296.283,1658
ID256338,256338,20,4.1,142.149,295.867,1659
ID256631,256631,20,4.047,141.254,295.085,1660
ID256485,256485,20,4.037,141.339,295.375,1661
ID256775,256775,20,4.041,141.377,295.684,1662
ID256920,256920,20,4.058,141.843,295.04,1663
ID257208,257208,20,3.989,141.871,294.795,1664
ID257063,257063,20,4.004,142.761,294.616,1665
ID257351,257351,20,4.017,142.705,294.084,1666
ID257494,257494,20,4.012,141.216,294.179,1667
ID257640,257640,20,4,141.371,293.954,1668
ID257787,257787,20,4.013,140.685,293.899,1669
ID257933,257933,20,4.001,140.968,293.302,1670
ID258076,258076,20,3.996,141.648,293.233,1671
ID258223,258223,20,3.971,141.376,293.402,1672
ID258368,258368,20,4.037,142.061,293.748,1673
ID258661,258661,20,4.028,142.647,293.716,1674
ID258517,258517,20,4.03,142.713,293.901,1675
ID258805,258805,20,4.016,142.72,294.874,1676
ID258949,258949,20,3.995,142.668,294.952,1677
ID259092,259092,20,4.016,142.861,294.122,1678
ID259237,259237,20,3.935,143.114,293.149,1679
ID259381,259381,20,3.988,143.8,293.872,1680
ID259522,259522,20,3.977,143.218,293.806,1681
ID259664,259664,20,4.031,143.812,293.989,1682
ID259810,259810,20,3.974,143.806,293.93,1683
ID260100,260100,20,3.978,143.041,294.008,1684
ID259955,259955,20,3.99,142.289,293.916,1685
ID260393,260393,20,3.984,143.481,293.995,1686
ID260247,260247,20,4.009,144.1,294.216,1687
ID260684,260684,20,3.999,144.86,294.947,1688
ID260537,260537,20,4.018,144.139,294.741,1689
ID260978,260978,20,3.93,143.982,294.785,1690
ID260833,260833,20,3.943,143.776,294.818,1691
ID261269,261269,20,3.907,143.622,294.235,1692
ID261124,261124,20,3.923,144.535,293.303,1693
ID261412,261412,20,3.959,144.529,293.602,1694
ID261555,261555,20,3.99,144.376,293.784,1695
ID261848,261848,20,4.067,144.491,293.353,1696
ID261702,261702,20,4.032,145.14,292.964,1697
ID261996,261996,20,4.041,145.138,292.992,1698
ID262140,262140,20,4.029,145.137,293.092,1699
ID262286,262286,20,4.039,144.872,293.136,1700
ID262433,262433,20,4.058,144.749,292.764,1701
ID262581,262581,20,4.04,144.632,292.804,1702
ID262727,262727,20,4.061,144.766,293.005,1703
ID263022,263022,20,4.05,144.752,292.94,1704
ID262874,262874,20,4.027,144.767,292.504,1705
ID263167,263167,20,4.059,144.731,292.521,1706
ID263312,263312,20,4.07,145.654,293.319,1707
ID263458,263458,20,4.069,145.463,293.634,1708
ID263753,263753,20,4.074,144.818,294.503,1709
ID263608,263608,20,4.033,144.519,294.222,1710
ID264048,264048,20,4.041,144.513,294.494,1711
ID263902,263902,20,4.042,145.176,293.754,1712
ID264192,264192,20,4.014,145.838,294.457,1713
ID264339,264339,20,4.018,145.579,294.008,1714
ID264631,264631,20,3.998,145.842,293.523,1715
ID264485,264485,20,4.032,145.577,293.659,1716
ID264778,264778,20,4.052,144.793,293.909,1717
ID264924,264924,20,4.061,144.799,293.929,1718
ID265071,265071,20,4.067,144.035,293.984,1719
ID265218,265218,20,4.079,143.923,294.223,1720
ID265505,265505,20,4.067,144,293.284,1721
ID265362,265362,20,4.037,144.408,292.938,1722
ID265647,265647,20,4.042,144.234,293.461,1723
ID265791,265791,20,4.025,144.213,293.117,1724
ID265937,265937,20,3.949,144.126,292.775,1725
ID266082,266082,20,4.024,144.339,292.261,1726
ID266229,266229,20,4.008,144.127,292.087,1727
ID266375,266375,20,3.997,144.2,292.668,1728
ID266522,266522,20,4.024,143.924,293.119,1729
ID266668,266668,20,4.033,143.657,292.414,1730
ID266812,266812,20,4.003,143.772,292.501,1731
ID266959,266959,20,3.993,144.309,293.344,1732
ID267106,267106,20,4.007,144.288,292.756,1733
ID267253,267253,20,4.003,144.096,292.372,1734
ID267400,267400,20,4.038,144.26,292.204,1735
ID267545,267545,20,4.018,143.506,291.595,1736
ID267839,267839,20,4.008,143.605,290.913,1737
ID267691,267691,20,4.009,143.49,290.486,1738
ID267985,267985,20,4.002,144.27,290.33,1739
ID268134,268134,20,4.038,144.478,291.152,1740
ID268282,268282,20,4.066,143.751,291.546,1741
ID268430,268430,20,4.076,143.854,291.71,1742
ID268577,268577,20,4.066,143.7,291.661,1743
ID268870,268870,20,4.062,144.566,292.042,1744
ID268728,268728,20,4.022,143.548,291.332,1745
ID269017,269017,20,4.048,143.275,291.198,1746
ID269165,269165,20,4.021,143.673,291.19,1747
ID269312,269312,20,4.015,143.626,290.104,1748
ID269459,269459,20,3.988,143.825,290.938,1749
ID269608,269608,20,3.976,143.623,291.763,1750
ID269758,269758,20,4.01,143.823,291.249,1751
ID270053,270053,20,4.002,143.705,291.005,1752
ID269904,269904,20,4.008,143.547,292.008,1753
ID270202,270202,20,3.986,143.482,291.943,1754
ID270350,270350,20,3.959,143.304,291.43,1755
ID270494,270494,20,3.949,144.108,291.581,1756
ID270786,270786,20,3.943,143.927,292.337,1757
ID270641,270641,20,3.947,143.852,292.368,1758
ID270933,270933,20,3.949,144.101,292.191,1759
ID271081,271081,20,3.966,144.563,292.345,1760
ID271225,271225,20,3.957,144.981,291.932,1761
ID271370,271370,20,3.952,144.933,291.569,1762
ID271515,271515,20,3.959,144.206,291.862,1763
ID271660,271660,20,3.944,144.306,291.06,1764
ID271805,271805,20,3.949,144.459,291.457,1765
ID271950,271950,20,3.933,144.076,290.686,1766
ID272096,272096,20,3.954,144.564,289.947,1767
ID272241,272241,20,3.942,144.823,289.583,1768
ID272386,272386,20,3.939,144.528,289.401,1769
ID272532,272532,20,3.898,144.232,289.36,1770
ID272678,272678,20,3.897,144.355,289.297,1771
ID272827,272827,20,3.912,144.085,290.536,1772
ID273123,273123,20,3.903,144.379,290.483,1773
ID272975,272975,20,3.927,144.22,290.531,1774
ID273271,273271,20,3.932,144.981,290.837,1775
ID273417,273417,20,3.972,144.771,291.013,1776
ID273565,273565,20,3.986,144.038,291.72,1777
ID273713,273713,20,3.967,144.516,291.825,1778
ID273860,273860,20,3.963,144.605,291.951,1779
ID274005,274005,20,3.95,144.458,291.891,1780
ID274295,274295,20,3.973,144.716,291.961,1781
ID274150,274150,20,3.967,144.522,292.17,1782
ID274440,274440,20,3.984,143.831,292.615,1783
ID274586,274586,20,3.995,143.825,292.441,1784
ID274877,274877,20,3.951,144.071,291.638,1785
ID274731,274731,20,3.928,143.996,292.549,1786
ID275023,275023,20,3.925,143.945,292.5,1787
ID275167,275167,20,3.923,143.97,292.537,1788
ID275311,275311,20,3.939,143.033,293.109,1789
ID275455,275455,20,3.961,143.696,292.783,1790
ID275598,275598,20,3.95,144.089,292.86,1791
ID275885,275885,20,3.989,143.944,293.278,1792
ID275741,275741,20,3.995,144.149,293.197,1793
ID276030,276030,20,4.016,144.156,294.565,1794
ID276174,276174,20,4.017,144.048,293.86,1795
ID276317,276317,20,3.997,144.742,294.611,1796
ID276458,276458,20,4.006,144.999,294.901,1797
ID276742,276742,20,4.021,144.995,296.099,1798
ID276600,276600,20,3.887,146.018,295.697,1799
ID276883,276883,20,3.91,146.331,295.808,1800
ID277027,277027,20,3.883,145.435,295.868,1801
ID277170,277170,20,3.87,145.566,295.686,1802
ID277314,277314,20,3.881,145.571,296.171,1803
ID277458,277458,20,3.928,145.701,296.135,1804
ID277602,277602,20,3.895,145.518,295.335,1805
ID277746,277746,20,3.937,145.193,295.148,1806
ID277889,277889,20,3.964,145.134,295.122,1807
ID278031,278031,20,3.924,144.988,294.298,1808
ID278175,278175,20,3.906,145.636,294.292,1809
ID278322,278322,20,3.895,145.628,294.446,1810
ID278468,278468,20,3.912,146.4,294.111,1811
ID278613,278613,20,3.927,145.52,294.117,1812
ID278756,278756,20,3.941,145.194,292.767,1813
ID278897,278897,20,3.962,145.629,291.805,1814
ID279040,279040,20,4.003,144.899,291.647,1815
ID279186,279186,20,3.976,144.814,291.619,1816
ID279327,279327,20,3.967,144.701,290.625,1817
ID279472,279472,20,3.914,144.272,290.745,1818
ID279615,279615,20,3.981,144.089,291.075,1819
ID279757,279757,20,3.91,144.772,290.762,1820
ID279901,279901,20,3.941,144.349,290.526,1821
ID280186,280186,20,3.906,143.691,290.133,1822
ID280043,280043,20,3.925,143.684,289.448,1823
ID280326,280326,20,3.903,143.412,289.373,1824
ID280467,280467,20,3.912,143.53,290.193,1825
ID280609,280609,20,3.918,143.642,290.424,1826
ID280750,280750,20,3.879,144.358,289.779,1827
ID281035,281035,20,3.855,144.353,290.571,1828
ID280894,280894,20,3.852,143.575,290.52,1829
ID281176,281176,20,3.864,142.803,289.649,1830
ID281320,281320,20,3.859,142.956,289.386,1831
ID281466,281466,20,3.874,142.167,288.974,1832
ID281894,281894,20,3.859,142.049,288.414,1833
ID281608,281608,20,3.87,141.972,288.454,1834
ID281751,281751,20,3.852,141.793,288.26,1835
ID282036,282036,20,3.797,141.552,287.42,1836
ID282329,282329,20,3.827,141.738,287.083,1837
ID282183,282183,20,3.828,141.751,286.432,1838
ID282473,282473,20,3.852,141.735,286.461,1839
ID282617,282617,20,3.834,142.399,286.039,1840
ID282761,282761,20,3.84,142.379,285.857,1841
ID282903,282903,20,3.825,141.722,285.973,1842
ID283046,283046,20,3.799,141.255,285.469,1843
ID283188,283188,20,3.828,141.036,285.08,1844
ID283332,283332,20,3.808,141.422,285.179,1845
ID283478,283478,20,3.83,141.156,284.409,1846
ID283623,283623,20,3.875,141.128,284.821,1847
ID283767,283767,20,3.883,140.747,284.828,1848
ID283911,283911,20,3.897,141.542,285.306,1849
ID284201,284201,20,3.848,141.451,285.206,1850
ID284055,284055,20,3.853,141.478,285.149,1851
ID284347,284347,20,3.865,141.445,285.461,1852
ID284493,284493,20,3.86,141.33,285.654,1853
ID284781,284781,20,3.864,141.459,285.723,1854
ID284636,284636,20,3.882,141.881,286.542,1855
ID284926,284926,20,3.88,141.484,286.176,1856
ID285070,285070,20,3.87,141.558,286.299,1857
ID285215,285215,20,3.887,141.521,286.921,1858
ID285360,285360,20,3.887,141.479,286.178,1859
ID285650,285650,20,3.896,141.133,286.509,1860
ID285506,285506,20,3.905,141.166,286.46,1861
ID285799,285799,20,3.906,141.275,285.729,1862
ID285942,285942,20,3.875,141.245,284.448,1863
ID286085,286085,20,3.873,140.613,284.821,1864
ID286230,286230,20,3.88,140.47,285.256,1865
ID286376,286376,20,3.849,140.644,284.846,1866
ID286522,286522,20,3.852,140.882,285.371,1867
ID286668,286668,20,3.814,141.295,285.431,1868
ID286813,286813,20,3.838,141.398,285.837,1869
ID286960,286960,20,3.832,141.408,285.937,1870
ID287106,287106,20,3.813,141.47,286.166,1871
ID287252,287252,20,3.801,140.776,286.03,1872
ID287397,287397,20,3.839,140.621,285.585,1873
ID287543,287543,20,3.773,140.781,285.71,1874
ID287832,287832,20,3.799,140.766,286.597,1875
ID287690,287690,20,3.788,140.081,286.777,1876
ID287978,287978,20,3.842,139.427,286.738,1877
ID288122,288122,20,3.85,139.56,287.164,1878
ID288411,288411,20,3.882,139.756,287.574,1879
ID288266,288266,20,3.856,140.247,287.072,1880
ID288555,288555,20,3.874,139.535,286.666,1881
ID288699,288699,20,3.832,139.269,285.321,1882
ID288987,288987,20,3.825,139.275,285.227,1883
ID288841,288841,20,3.837,139.017,285.874,1884
ID289129,289129,20,3.846,139.599,286.215,1885
ID289275,289275,20,3.811,138.999,286.732,1886
ID289422,289422,20,3.839,139.228,286.948,1887
ID289566,289566,20,3.843,139.162,287.139,1888
ID289710,289710,20,3.797,139.405,287.292,1889
ID289855,289855,20,3.796,138.964,287.257,1890
