ID,TRACK_ID,POSITION_X,POSITION_Y,POSITION_T,ESTIMATED_DIAMETER
72,4,247.233,129.369,0,24.044
21,4,247.602,129.748,1,23.867
55,4,248.152,130.063,2,23.94
39,4,247.209,129.852,3,23.895
89,4,247.18,129.72,4,23.788
123,4,247.18,131.014,5,23.944
106,4,246.802,132.018,6,23.86
140,4,246.917,131.936,7,23.944
174,4,246.918,132.335,8,23.701
157,4,246.624,132.847,9,23.77
191,4,247.068,133.978,10,23.985
208,4,246.308,134.403,11,23.95
225,4,246.777,134.36,12,23.702
242,4,246.666,134.423,13,23.52
259,4,247.555,135.456,14,23.692
276,4,247.838,135.949,15,23.07
311,4,247.848,135.577,16,23.418
293,4,248.552,135.414,17,23.599
328,4,248.825,134.799,18,23.769
345,4,248.618,135.589,19,23.431
362,4,248.18,135.85,20,23.889
396,4,248.228,135.963,21,23.877
379,4,248.507,136.138,22,23.503
413,4,248.513,136.762,23,22.834
447,4,249.544,136.54,24,23.597
430,4,249.149,136.044,25,23.778
464,4,249.048,135.319,26,23.915
481,4,248.321,135.808,27,23.853
515,4,247.22,135.687,28,23.876
498,4,247.17,135.966,29,23.884
532,4,247.819,136.714,30,23.597
549,4,248.111,135.855,31,23.833
566,4,248.08,135.565,32,23.718
583,4,248.394,135.594,33,23.959
600,4,248.172,135.77,34,23.793
617,4,248.446,136.306,35,24.04
634,4,248.11,137.157,36,24.039
651,4,247.479,137.234,37,23.923
668,4,247.702,137.032,38,24.076
685,4,247.342,137.364,39,24.002
702,4,247.037,137.194,40,24.084
719,4,247.011,137.351,41,23.967
737,4,246.593,138.161,42,23.877
754,4,246.911,138.163,43,23.884
771,4,246.81,137.909,44,23.687
788,4,247.007,137.472,45,23.878
805,4,247.342,137.567,46,23.694
821,4,248.437,137.972,47,23.926
839,4,247.463,137.888,48,23.78
855,4,246.663,137.692,49,23.419
872,4,246.707,136.447,50,23.59
906,4,247.276,136.34,51,23.812
889,4,248.238,135.852,52,23.915
923,4,247.791,136.567,53,23.329
974,4,247.645,135.888,54,23.77
940,4,247.79,135.876,55,24.056
957,4,247.357,136.059,56,23.897
991,4,247.31,135.948,57,23.812
1025,4,247.527,136.634,58,23.851
1042,4,247.74,136.445,59,23.983
1008,4,247.14,137.127,60,23.988
1059,4,247.079,136.787,61,23.854
1077,4,247.366,137.32,62,23.929
1094,4,247.759,137.529,63,24.006
1112,4,247.26,137.67,64,23.821
1129,4,247.601,137.618,65,23.845
1146,4,247.459,138.187,66,23.958
1181,4,247.449,138.593,67,23.88
1164,4,247.727,138.148,68,23.886
1198,4,248.049,137.703,69,23.911
1217,4,250.067,137.554,70,23.988
1268,4,250.42,136.934,71,23.84
1251,4,250.104,137.048,72,23.888
1234,4,249.98,137.791,73,23.853
1286,4,249.296,137.834,74,23.895
1303,4,247.42,137.47,75,24.036
1339,4,247.936,139.011,76,23.854
1321,4,247.62,138.834,77,23.768
1357,4,247.734,138.903,78,23.786
1375,4,247.485,139.205,79,24.028
1411,4,246.989,141.314,80,23.855
1393,4,246.523,141.047,81,23.685
1428,4,245.543,139.057,82,23.89
1462,4,246.211,139.23,83,23.863
1445,4,246.986,138.354,84,23.978
1496,4,246.462,138.825,85,23.761
1479,4,245.784,138.43,86,23.918
1513,4,245.684,139.929,87,23.871
1530,4,245.204,140.801,88,23.886
1547,4,247.07,139.949,89,23.857
1564,4,247.493,139.061,90,23.906
1581,4,247.366,139.017,91,23.995
1598,4,246.649,139.316,92,23.622
1632,4,244.348,139.461,93,24
1615,4,242.807,138.36,94,23.988
1666,4,242.979,137.551,95,23.827
1649,4,243.978,137.881,96,23.874
1683,4,244.066,137.449,97,24.052
1700,4,242.789,138.253,98,24.064
1717,4,242.016,138.784,99,23.982
1751,4,242.389,138.388,100,24.109
1734,4,242.236,137.755,101,23.969
1768,4,242.64,138.166,102,23.923
1785,4,242.574,138.024,103,24.03
1802,4,242.641,137.905,104,24.064
1819,4,242.787,137.816,105,23.958
1836,4,242.268,138.286,106,24.058
1853,4,242.134,137.896,107,24.045
1888,4,242.59,137.767,108,23.908
1870,4,242.912,137.636,109,23.862
1905,4,242.781,138.437,110,24.019
1922,4,243.283,138.561,111,23.853
1958,4,243.536,138.214,112,23.828
1940,4,243.904,136.434,113,24.04
1975,4,243.351,136.395,114,24.019
1992,4,245.177,136.73,115,24.009
2027,4,244.238,135.853,116,24.01
2009,4,244.417,136.01,117,23.922
2046,4,246.008,135.045,118,23.828
2097,4,245.788,134.484,119,23.888
2063,4,245.623,134.524,120,23.739
2080,4,246.229,135.248,121,24.064
2114,4,246.383,134.769,122,23.96
2147,4,245.749,135.249,123,23.947
2130,4,244.719,135.619,124,23.985
2164,4,244.149,134.803,125,23.864
2182,4,244.148,134.89,126,23.945
2198,4,243.579,133.423,127,23.439
2232,4,243.244,133.103,128,23.965
2215,4,244.148,133.131,129,24.049
2285,4,244.678,133.29,130,23.807
2249,4,245.058,132.873,131,23.95
2303,4,245.041,132.655,132,24.081
2266,4,245.241,133.038,133,23.945
2320,4,244.286,135.081,134,23.91
2354,4,244.225,134.977,135,23.857
2338,4,244.797,136.06,136,23.728
2372,4,244.909,136.416,137,23.717
2390,4,244.263,137.838,138,23.888
2426,4,244.077,137.817,139,23.823
2408,4,244.019,138.136,140,23.901
2463,4,243.814,137.519,141,24.153
2444,4,244.162,137.728,142,23.954
2480,4,244.803,138.012,143,24.211
2498,4,245.134,137.82,144,24.178
2515,4,245.637,138.153,145,23.992
2532,4,245.272,137.737,146,24.081
2549,4,245.046,138.326,147,24.009
2566,4,244.571,137.811,148,23.967
2583,4,244.572,136.952,149,23.622
2600,4,244.033,137.16,150,23.928
2651,4,244.267,137.425,151,23.999
2634,4,245.874,136.579,152,23.895
2617,4,245.591,136.481,153,22.465
2668,4,244.408,136.319,154,23.985
2719,4,244.322,136.704,155,23.996
2685,4,244.168,136.085,156,24.085
2736,4,245.501,135.729,157,22.787
2702,4,246.789,135.125,158,23.947
2753,4,247.003,135.243,159,24.089
2787,4,246.018,135.516,160,23.847
2804,4,246.143,135.706,161,24.001
2770,4,245.86,135.996,162,22.592
2821,4,245.222,135.969,163,24.157
2838,4,247.121,135.87,164,23.702
2872,4,247.054,135.989,165,23.85
2855,4,248.049,136.15,166,23.817
2941,4,247.658,136.401,167,23.219
2923,4,247.052,136.163,168,23.748
2889,4,247.144,135.302,169,23.921
2906,4,247.941,135.716,170,24.147
2958,4,247.427,136.065,171,23.996
3012,4,247.214,134.934,172,23.92
2976,4,247.403,135.781,173,23.948
2994,4,247.621,135.45,174,23.891
3030,4,247.361,136.237,175,24.032
3048,4,247.025,136.177,176,23.824
3065,4,246.873,136.059,177,23.739
3083,4,246.862,135.738,178,24.03
3101,4,246.142,136.02,179,23.821
3120,4,245.823,136.143,180,23.804
3137,4,245.869,135.97,181,23.872
3154,4,246.044,135.82,182,23.929
3171,4,246.895,136.101,183,23.765
3188,4,246.91,136.554,184,23.678
3205,4,246.749,136.278,185,23.817
3223,4,247.022,136.316,186,23.948
3240,4,247.009,136.225,187,23.948
3257,4,247.376,136.159,188,24.024
3274,4,248.055,135.181,189,23.998
3292,4,247.785,135.873,190,24.051
3310,4,248.201,136.033,191,24.209
3327,4,248.343,137.15,192,23.933
3344,4,248.452,136.971,193,24.041
3395,4,248.387,136.207,194,23.96
3378,4,247.845,137.441,195,23.876
3361,4,247.981,137.833,196,24.093
3412,4,247.691,137.781,197,24.245
3446,4,246.851,137.391,198,23.901
3429,4,247.008,136.248,199,23.903
3463,4,246.572,136.116,200,23.582
3481,4,246.167,135.626,201,23.965
3516,4,246.116,136.03,202,23.959
3499,4,246.002,136.112,203,23.915
3533,4,245.728,135.588,204,23.891
3550,4,245.725,135.816,205,23.927
3567,4,246.175,135.445,206,23.961
3603,4,245.467,134.505,207,23.895
3585,4,246.093,134.608,208,23.96
3622,4,246.494,134.65,209,23.901
3638,4,246.894,133.99,210,23.974
3672,4,245.842,133.974,211,24.02
3655,4,245.113,133.332,212,24.045
3689,4,245.115,133.664,213,24.064
3707,4,244.59,134.656,214,23.671
3742,4,243.9,135.551,215,23.91
3724,4,243.53,134.748,216,23.975
3759,4,242.162,135.085,217,24.035
3776,4,242.656,134.889,218,24.039
3793,4,243.319,134.86,219,23.934
3826,4,242.929,134.507,220,23.843
3809,4,242.785,134.701,221,23.929
3843,4,242.553,135.291,222,23.929
3860,4,242.175,135.322,223,24.011
3894,4,242.223,135.398,224,23.955
3877,4,242.761,134.992,225,23.806
3911,4,243.39,135.096,226,24.064
3945,4,244.065,134.277,227,23.991
3928,4,244.386,134.918,228,24.01
3962,4,244.369,135.469,229,23.939
3996,4,245.89,135.953,230,23.991
4013,4,246.151,136.134,231,23.977
3980,4,246.092,137.317,232,23.976
4031,4,245.772,137.585,233,23.962
4082,4,245.41,137.525,234,23.851
4065,4,245.779,137.685,235,23.922
4048,4,244.738,138.529,236,23.745
4098,4,244.488,137.986,237,23.971
4115,4,244.723,137.459,238,23.9
4132,4,244.806,136.267,239,23.976
4149,4,244.047,136.025,240,23.923
4166,4,243.508,135.748,241,24.017
4200,4,243.075,136.231,242,23.947
4183,4,243.377,136.141,243,23.92
4234,4,244.154,136.152,244,23.919
4217,4,244.721,136.358,245,23.668
4268,4,244.708,136.377,246,23.851
4285,4,243.588,136.488,247,23.84
4251,4,244.128,136.636,248,23.929
4302,4,245.483,136,249,23.97
4320,4,244.986,136.716,250,23.972
4338,4,246.257,136.32,251,23.957
4356,4,245.835,137.105,252,23.816
4373,4,245.583,136.631,253,23.479
4407,4,245.562,136.726,254,22.606
4390,4,246.142,136.767,255,23.945
4425,4,247.2,135.938,256,23.926
4443,4,246.682,135.303,257,22.585
4461,4,246.711,133.544,258,24.025
4498,4,246.783,133.547,259,23.8
4479,4,245.82,133.239,260,23.889
4518,4,246.401,134.369,261,24.168
4554,4,245.554,133.876,262,23.904
4536,4,246.506,134.622,263,23.385
4572,4,247.083,134.386,264,23.878
4590,4,246.684,133.547,265,23.896
4626,4,248.307,133.128,266,24.14
4608,4,247.204,133.22,267,24.121
4644,4,246.616,133.098,268,23.61
4662,4,244.958,132.996,269,23.937
4680,4,244.367,133.152,270,24.009
4697,4,245.254,132.801,271,23.95
4715,4,244.716,133.717,272,24.149
4733,4,245.017,133.145,273,24.111
4751,4,245.338,132.545,274,23.998
4769,4,244.252,132.892,275,24.026
4786,4,244.376,132.724,276,24.022
4822,4,243.997,132.331,277,23.731
4804,4,243.706,132.359,278,23.506
4840,4,244.935,132.279,279,23.831
4874,4,244.33,132.511,280,23.977
4857,4,244.182,133.076,281,24.134
4891,4,245.327,133.535,282,24.252
4908,4,245.314,134.283,283,24.101
4925,4,244.948,135.224,284,23.901
4942,4,246.074,135.352,285,24.092
4960,4,247.006,135.162,286,24.071
4980,4,247.564,134.776,287,23.728
4997,4,247.25,134.861,288,23.876
5014,4,248.479,133.657,289,24.119
5031,4,247.992,134.38,290,23.976
5048,4,247.182,135.536,291,24.038
5065,4,246.93,136.181,292,23.796
5086,4,247.522,136.504,293,23.156
5087,4,248.069,136.119,294,24.071
5116,4,248.441,135.923,295,23.935
5133,4,248.484,136.356,296,24.013
5168,4,248.557,137.11,297,23.4
5151,4,249.092,136.024,298,23.83
5202,4,249.052,135.691,299,23.696
5185,4,249.889,134.69,300,23.847
5219,4,250.194,135.72,301,23.802
5236,4,249.703,135.642,302,23.986
5253,4,250.381,135.776,303,23.865
5270,4,250.619,135.88,304,23.885
5304,4,249.586,136.484,305,23.578
5287,4,249.366,137.654,306,24.139
5321,4,249.702,137.613,307,24.055
5376,4,249.591,137.628,308,23.729
5377,4,249.031,137.498,309,23.929
5338,4,248.52,137.771,310,23.79
5355,4,248.3,136.8,311,23.892
5457,4,247.409,137.444,312,24.074
5440,4,248.065,135.583,313,23.964
5423,4,246.81,135.678,314,23.944
5406,4,246.821,135.001,315,23.722
5474,4,247.841,135.874,316,23.941
5491,4,247.676,137.033,317,23.65
5508,4,247.965,135.513,318,23.774
5525,4,247.381,135.307,319,24.004
5542,4,247.218,133.483,320,23.942
5577,4,246.659,133.165,321,23.818
5559,4,247.096,133.637,322,24.019
5594,4,246.808,132.923,323,23.996
5613,4,245.95,132.476,324,23.888
5650,4,246.071,132.096,325,24.06
5631,4,245.53,132.308,326,23.978
5669,4,244.549,133.683,327,24.324
5687,4,245.246,133.248,328,24.237
5742,4,244.378,133.15,329,24.125
5761,4,244.361,134.167,330,24.147
5705,4,244.783,135.269,331,24.164
5724,4,244.791,135.331,332,23.982
5780,4,245.832,135.519,333,24.041
5798,4,244.791,135.663,334,24.097
5816,4,244.561,136.497,335,23.716
5834,4,244.041,137.15,336,23.973
5854,4,244.227,137.674,337,23.964
5872,4,244.247,137.457,338,24.116
5931,4,244.162,137.682,339,23.881
5891,4,245.7,136.68,340,24.317
5911,4,245.788,136.488,341,23.665
5950,4,246.51,136.846,342,23.979
5968,4,246.352,137.563,343,24.213
5985,4,245.949,137.452,344,23.973
6002,4,244.821,137.182,345,23.472
6019,4,244.822,136.994,346,23.987
6038,4,244.67,137.344,347,23.738
6091,4,244.585,137.958,348,24.231
6057,4,244.541,138.394,349,23.833
6074,4,243.757,138.711,350,23.952
6109,4,244.449,138.754,351,24.173
6126,4,243.909,139.575,352,23.103
6144,4,244.27,140.19,353,23.535
6161,4,243.486,140.366,354,24.044
6196,4,243.352,140.862,355,23.987
6178,4,243.277,140.176,356,24.043
6213,4,243.618,140.586,357,24.192
6232,4,243.931,140.918,358,24.124
6251,4,243.185,139.937,359,23.916
6270,4,243.72,140.239,360,24.436
6287,4,244.521,140.13,361,24.388
6338,4,244.874,140.772,362,24.162
6321,4,244.212,140.813,363,23.959
6304,4,244.595,140.807,364,23.924
6355,4,243.849,141.271,365,23.884
6393,4,244.073,140.572,366,23.968
6374,4,244.254,140.898,367,23.79
6410,4,244.348,141.046,368,24.085
6427,4,245.466,141.141,369,24.139
6461,4,245.28,141.487,370,24.066
6444,4,245.311,140.443,371,24.014
6479,4,244.331,140.551,372,24.015
6497,4,243.286,140.224,373,23.847
6514,4,242.86,140.414,374,24.329
6531,4,242.805,140.293,375,24.113
6568,4,243.222,140.411,376,23.987
6549,4,242.254,140.378,377,24.047
6622,4,242.079,140.605,378,24.021
6586,4,241.834,140.066,379,23.855
6604,4,242.009,139.379,380,24.154
6640,4,241.438,139.409,381,24.209
6659,4,240.739,139.632,382,23.97
6695,4,240.421,140.625,383,23.942
6677,4,240.866,141.067,384,24.044
6730,4,240.94,140.921,385,23.843
6712,4,240.894,140.574,386,23.934
6748,4,239.922,141.148,387,23.592
6767,4,240.193,141.662,388,23.93
6785,4,239.733,141.573,389,23.105
6803,4,240.116,141.303,390,23.765
6840,4,240.337,141.813,391,24.033
6821,4,239.512,142.036,392,24.516
6879,4,238.714,143.089,393,22.748
6860,4,237.999,143.166,394,23.323
6919,4,237.235,142.385,395,23.985
6898,4,236.389,141.938,396,24.075
6957,4,237.111,143.164,397,23.166
6938,4,237.034,142.694,398,23.829
6974,4,237.536,143.681,399,24.244
6993,4,237.449,143.797,400,24.208
7010,4,236.489,143.38,401,23.757
7028,4,236.982,143.999,402,23.869
7066,4,235.808,144.217,403,23.811
7046,4,235.255,143.961,404,23.773
7103,4,234.49,143.695,405,24.359
7084,4,234.572,144.808,406,24.771
7123,4,235.016,144.958,407,23.327
7143,4,234.501,145.499,408,22.987
7163,4,234.501,146.859,409,24.364
7217,4,233.925,146.316,410,23.002
7181,4,233.7,145.739,411,23.004
7199,4,233.994,145.948,412,23.95
7253,4,234.079,146.684,413,24.155
7235,4,234.488,147.302,414,23.901
7290,4,234.527,148.4,415,23.237
7271,4,234.865,147.612,416,24.246
7328,4,235.165,148.503,417,24.181
7310,4,235.176,149.339,418,23.72
7364,4,233.861,148.807,419,24.254
7346,4,233.978,149.291,420,23.615
7382,4,234.19,149.722,421,23.974
7401,4,233.944,149.496,422,22.721
7437,4,233.721,150.08,423,23.184
7419,4,232.992,150.518,424,24.08
7456,4,233.968,149.974,425,24.149
7493,4,234.306,150.724,426,24.116
7512,4,234.64,150.534,427,23.832
7475,4,234.722,149.694,428,23.805
7530,4,235.122,148.8,429,24.004
7584,4,234.923,148.409,430,23.64
7548,4,236.301,148.58,431,24.256
7566,4,237.081,149.329,432,23.502
7602,4,237.045,149.849,433,23.961
7621,4,236.847,149.797,434,24.211
7639,4,236.416,150.178,435,24.137
7657,4,236.246,150.122,436,24.234
7675,4,236.265,150.66,437,23.986
7693,4,236.189,150.029,438,24.116
7712,4,235.252,149.393,439,24.081
7748,4,234.865,149.969,440,23.945
7730,4,234.504,150.77,441,24.138
7766,4,234.939,149.865,442,23.909
7820,4,233.687,148.842,443,23.924
7784,4,234.126,150.278,444,23.976
7802,4,233.91,149.973,445,23.982
7838,4,232.186,149.904,446,24.096
7856,4,232.807,150.619,447,23.902
7874,4,232.428,150.5,448,23.992
7893,4,232.548,149.809,449,23.752
7913,4,232.058,149.82,450,23.809
7932,4,232.595,149.403,451,23.81
7971,4,234.22,149.214,452,23.959
7990,4,233.161,148.501,453,24.002
7952,4,233.323,149.253,454,23.947
8009,4,233.799,149.411,455,23.969
8049,4,232.367,149.882,456,23.892
8029,4,232.855,149.841,457,23.99
8068,4,232.261,149.32,458,24.003
8127,4,232.005,149.644,459,23.681
8087,4,232.358,149.47,460,24.058
8107,4,232.434,150.084,461,24.044
8147,4,231.149,149.348,462,24.069
8166,4,231.411,149.54,463,23.947
8186,4,230.73,149.068,464,24.014
8206,4,231.479,149.456,465,23.976
8246,4,232.357,148.419,466,23.872
8226,4,232.469,147.952,467,23.677
8266,4,232.319,147.975,468,23.791
8286,4,231.716,148.054,469,23.581
8326,4,232.17,148.619,470,23.579
8305,4,232.283,148.38,471,23.976
8345,4,232.436,147.961,472,23.9
8365,4,232.168,147.722,473,23.469
8405,4,230.878,147.276,474,23.883
8385,4,230.557,146.638,475,23.774
8425,4,230.76,146.308,476,23.929
8445,4,231.26,146.567,477,23.84
8466,4,230.382,147.702,478,23.922
8486,4,231.692,148.135,479,23.527
8506,4,232.59,147.906,480,23.833
8527,4,232.66,147.72,481,23.668
8586,4,233.672,147.617,482,24.242
8547,4,232.312,147.39,483,23.958
8566,4,231.772,147.412,484,23.745
8605,4,231.394,147.009,485,23.851
8624,4,232.605,146.4,486,23.403
8643,4,232.523,147.032,487,23.682
8662,4,232.425,146.703,488,23.906
8681,4,232.406,146.507,489,23.818
8700,4,232.197,146.564,490,23.916
8718,4,233.313,145.629,491,24.071
8756,4,232.364,145.823,492,24.089
8737,4,231.881,145.475,493,24.044
8795,4,231.907,145.919,494,24.027
8776,4,231.936,146.566,495,23.994
8814,4,231.635,146.682,496,23.854
8832,4,231.827,145.24,497,24.057
8871,4,232.227,145.51,498,23.905
8852,4,232.413,145.345,499,24.064
8890,4,232.041,145.546,500,23.868
8909,4,233.048,144.946,501,23.962
8929,4,232.385,145.023,502,24.029
8949,4,232.443,144.957,503,24.016
8969,4,232.876,146.892,504,23.908
8988,4,232.257,146.706,505,23.88
9007,4,231.741,147.416,506,24.03
9026,4,232.201,148.858,507,23.963
9046,4,232.992,149.747,508,23.918
9066,4,232.188,149.511,509,23.881
9106,4,232.121,149.765,510,23.94
9086,4,231.612,149.899,511,23.922
9126,4,231.984,148.445,512,24.07
9146,4,231.213,147.818,513,24.031
9166,4,231.847,148.219,514,24.058
9186,4,232.148,148.689,515,23.995
9205,4,231.905,147.883,516,24.038
9223,4,232.116,148.387,517,24.058
9241,4,232.061,148.534,518,23.965
9259,4,232.423,147.661,519,23.96
9277,4,231.872,147.685,520,24.007
9296,4,231.421,146.851,521,23.994
9315,4,230.66,146.86,522,23.978
9334,4,230.382,146.711,523,23.943
9391,4,229.383,146.69,524,23.963
9353,4,229.471,148.09,525,24.051
9372,4,229.142,148.009,526,24.037
9410,4,229.082,147.708,527,23.929
9429,4,229.316,147.915,528,24.044
9466,4,228.899,149.587,529,23.686
9447,4,229.332,148.913,530,23.999
9503,4,229.464,148.927,531,23.974
9484,4,229.361,148.571,532,23.905
9521,4,229.621,148.624,533,23.843
9541,4,229.607,147.528,534,23.819
9581,4,229.865,148.406,535,23.941
9561,4,231.165,149.307,536,24.034
9601,4,230.117,148.856,537,23.976
9620,4,230.471,148.313,538,24.013
9660,4,229.766,149.652,539,23.732
9640,4,229.531,148.902,540,23.765
9680,4,230.089,148.777,541,23.959
9700,4,230.269,148.823,542,23.981
9720,4,231.214,148.648,543,23.905
9740,4,231.186,148.417,544,24.057
9760,4,231.583,148.93,545,23.707
9780,4,231.421,148.358,546,24.07
9799,4,232.163,149.568,547,23.795
9819,4,231.968,149.001,548,23.988
9839,4,231.89,149.402,549,24.064
9859,4,232.308,149.794,550,23.886
9879,4,231.308,149.143,551,24.013
9899,4,231.081,149.765,552,23.84
9918,4,229.33,149.297,553,24.052
9937,4,227.927,150.698,554,23.71
9976,4,227.591,151.369,555,23.941
9957,4,227.987,150.123,556,23.951
10014,4,228.377,148.998,557,23.999
9995,4,228.697,149.978,558,23.883
10033,4,229.035,150.029,559,24.069
10058,4,229.77,149.668,560,23.809
10059,4,229.467,150.15,561,23.97
10090,4,230.116,150.189,562,23.877
10128,4,230.243,148.634,563,23.802
10109,4,230.932,147.311,564,24.096
10147,4,232.497,146.701,565,23.96
10166,4,232.507,146.193,566,23.989
10185,4,232.551,146.551,567,23.981
10204,4,232.545,146.841,568,23.893
10223,4,234.05,146.819,569,24.119
10242,4,234.455,146.83,570,24.07
10261,4,235.071,147.6,571,23.934
10280,4,234.722,147.16,572,23.513
10298,4,234.781,145.215,573,23.808
10318,4,234.268,147.008,574,23.95
10358,4,232.458,147.376,575,24.075
10338,4,231.932,148.152,576,23.784
10378,4,232.849,148.371,577,23.815
10398,4,233.236,149.053,578,23.874
10418,4,232.157,149.665,579,23.874
10438,4,232.262,149.264,580,23.785
10457,4,232.795,149.495,581,22.523
10495,4,232.855,149.9,582,23.436
10533,4,232.162,148.718,583,23.663
10476,4,231.458,149.518,584,24.145
10514,4,230.657,149.348,585,23.603
10590,4,230.94,149.648,586,23.454
10571,4,231.349,150.894,587,23.658
10552,4,230.629,150.49,588,22.43
10609,4,230.522,149.887,589,23.153
10628,4,229.78,150.226,590,23.665
10647,4,230.242,150.631,591,23.915
10666,4,230.427,151.682,592,23.951
10685,4,228.845,153.157,593,23.668
10704,4,228.93,152.788,594,23.738
10744,4,228.993,152.215,595,22.457
10724,4,228.27,152.122,596,23.926
10763,4,228.751,151.769,597,24.695
10782,4,228.151,150.903,598,23.802
10801,4,228.654,150.776,599,23.61
10820,4,228.347,151.147,600,23.769
10839,4,228.145,151.426,601,23.392
10858,4,228.014,152.826,602,23.623
10877,4,228.379,152.729,603,23.945
10897,4,228.915,153.379,604,24
10936,4,228.887,153.714,605,23.389
10917,4,228.484,154.581,606,23.898
10956,4,228.022,155.051,607,23.249
10995,4,228.57,154.711,608,18.261
10975,4,227.954,154.237,609,23.732
11015,4,228.052,154.463,610,23.475
11035,4,228.817,154.788,611,23.859
11055,4,229.322,154.674,612,23.957
11075,4,229.765,153.879,613,22.266
11094,4,230.829,154.091,614,22.545
11115,4,228.907,154.178,615,23.73
11135,4,229.433,153.941,616,24.069
11155,4,229.095,153.839,617,23.103
11175,4,229.499,153.673,618,23.847
11194,4,229.04,154.404,619,23.266
11213,4,228.711,154.716,620,22.513
11233,4,228.476,153.768,621,23.933
11271,4,228.381,153.886,622,23.706
11252,4,227.663,153.658,623,24.566
11291,4,229.426,153.763,624,23.469
11311,4,228.163,154.198,625,23.216
11330,4,228.061,154.664,626,23.991
11350,4,228.568,153.799,627,22.9
11370,4,229.028,154.55,628,24.06
11391,4,228.49,155.259,629,23.888
11431,4,228.31,154.724,630,23.258
11411,4,228.234,154.054,631,23.606
11451,4,227.661,154.326,632,23.625
11491,4,227.835,154.324,633,23.026
11471,4,228.714,155.181,634,24.141
11511,4,229.391,154.215,635,23.263
11572,4,229.367,154.126,636,23.611
11552,4,228.337,154.877,637,23.877
11532,4,228.445,155.409,638,23.717
11592,4,228.802,154.605,639,24.273
11612,4,228.467,154.879,640,24.208
11633,4,229.529,154.316,641,23.949
11653,4,230.371,154.532,642,24.157
11712,4,230.043,153.254,643,23.47
11672,4,229.23,153.192,644,23.688
11692,4,228.709,152.998,645,23.825
11731,4,230.053,153.322,646,23.927
11751,4,230.838,153.811,647,23.866
11791,4,230.915,153.686,648,24.004
11771,4,230.692,153.534,649,23.969
11811,4,230.68,153.604,650,23.997
11831,4,229.856,153.623,651,24.049
11850,4,230.076,154.17,652,24.117
11869,4,230.942,154.508,653,23.897
11890,4,230.964,154.893,654,24.081
11949,4,231.352,154.277,655,24.135
11909,4,230.764,154.781,656,24.107
11929,4,229.968,154.318,657,24.02
11968,4,230.333,153.592,658,24.114
12027,4,231.219,155.051,659,24.113
12008,4,231.032,154.946,660,24.127
11987,4,230.099,155.061,661,24.047
12047,4,231.2,155.368,662,24.142
12087,4,229.737,153.576,663,24.019
12107,4,230.335,153.51,664,24.057
12067,4,232.228,153.69,665,23.916
12126,4,230.822,153.452,666,23.988
12146,4,230.712,152.946,667,24.029
12166,4,230.499,153.498,668,24.045
12186,4,229.379,154.03,669,24.13
12206,4,229.244,155.114,670,24.086
12225,4,228.368,153.578,671,24.034
12244,4,227.577,153.552,672,23.88
12263,4,226.866,154.062,673,24.086
12281,4,228.235,153.93,674,24.002
12340,4,227.559,154.488,675,23.787
12321,4,226.975,153.239,676,23.916
12300,4,226.477,152.567,677,24.082
12359,4,226.189,152.865,678,23.949
12399,4,225.636,152.335,679,23.866
12379,4,225.712,151.968,680,23.992
12417,4,226.341,152.116,681,24.017
12436,4,227.136,152.477,682,24.005
12473,4,228.347,152.493,683,23.984
12454,4,227.976,151.571,684,23.68
12492,4,228.266,151.591,685,24.02
12530,4,228.52,152.453,686,24.189
12511,4,228.43,152.836,687,24.129
12550,4,227.837,153.307,688,23.886
12569,4,228.34,154.711,689,24.15
12588,4,227.912,154.372,690,24.029
12607,4,227.778,154.642,691,23.613
12626,4,227.705,154.954,692,23.651
12646,4,227.55,154.772,693,23.797
12666,4,227.218,155.668,694,24.092
12686,4,226.491,154.336,695,24.022
12706,4,227.202,154.364,696,24.096
12726,4,226.878,154.616,697,23.815
12746,4,227.403,154.979,698,24.131
12766,4,227.852,155.162,699,23.634
12793,4,226.674,155.554,700,24.302
12792,4,227.145,155.272,701,23.761
12823,4,225.857,155.576,702,24.041
12861,4,225.926,156.844,703,23.594
12842,4,224.108,157.246,704,23.66
12880,4,223.543,157.51,705,22.938
12898,4,223.145,157.08,706,23.906
12917,4,224.271,157.114,707,24.015
12935,4,224.067,157.506,708,22.949
12954,4,223.484,157.612,709,23.891
12974,4,225.125,158.693,710,23.91
12994,4,224.742,159.923,711,23.987
13014,4,224.109,160.134,712,23.996
13034,4,223.394,160.06,713,23.943
13054,4,223.477,159.926,714,24.038
13074,4,222.802,161.182,715,23.95
13114,4,222.737,160.275,716,24.005
13094,4,221.121,160.708,717,24.03
13154,4,221.164,161.036,718,23.926
13134,4,220.298,161.319,719,24.022
13193,4,220.726,161.25,720,24.038
13173,4,220.385,161.09,721,24.036
13212,4,220.916,160.336,722,24.041
13232,4,220.972,160.281,723,24.05
13251,4,220.435,160.246,724,24.012
13291,4,219.398,160.534,725,23.792
13272,4,220.01,160.553,726,23.884
13311,4,220.542,160.058,727,24.056
13331,4,219.435,158.975,728,24.03
13371,4,218.618,159.22,729,24.02
13351,4,219.296,159.903,730,23.967
13391,4,219.029,158.964,731,23.971
13411,4,219.251,159.74,732,23.985
13431,4,220.449,161.862,733,24.001
13451,4,219.992,162.568,734,23.911
13490,4,219.58,161.813,735,23.944
13470,4,219.628,160.622,736,23.997
13509,4,219.119,160.104,737,23.974
13529,4,219.298,160.301,738,24.057
13549,4,218.886,161.33,739,24.071
13569,4,220.017,160.097,740,24.036
13589,4,219.818,160.068,741,24.034
13609,4,219.889,160.155,742,24.021
13629,4,219.235,160.381,743,24.021
13669,4,218.819,160.813,744,24.022
13649,4,218.874,160.659,745,23.895
13689,4,219.238,160.084,746,23.971
13709,4,219.145,160.914,747,23.922
13749,4,219.514,160.042,748,24.091
13729,4,219.669,161.681,749,23.752
13769,4,219.319,162.09,750,24.032
13789,4,218.924,162.853,751,23.985
13829,4,219.468,163.771,752,23.887
13809,4,219.493,165.09,753,23.72
13849,4,219.835,163.612,754,23.908
13869,4,219.385,163.194,755,23.854
13909,4,219.797,161.906,756,24.004
13889,4,219.646,160.725,757,24.048
13929,4,219.337,160.226,758,23.981
13989,4,218.14,159.878,759,23.967
13969,4,218.707,159.886,760,23.967
13949,4,218.636,160.25,761,24.018
14009,4,218.441,160.695,762,23.55
14067,4,218.164,160.666,763,23.735
14047,4,217.801,160.291,764,24.064
14028,4,217.701,158.856,765,24.017
14087,4,216.819,158.404,766,24.131
14107,4,216.305,158.985,767,23.825
14147,4,217.424,159.743,768,23.964
14127,4,219.392,159.41,769,24.08
14167,4,219.23,160.774,770,23.967
14206,4,219.783,161.291,771,24.064
14187,4,218.94,161.628,772,23.934
14225,4,219.034,161.812,773,23.929
14245,4,218.852,162.151,774,24.016
14265,4,220.844,161.954,775,24.093
14284,4,220.393,161.838,776,23.977
14303,4,220.417,161.969,777,23.996
14323,4,219.404,161.565,778,23.802
14342,4,218.273,160.551,779,23.857
14360,4,218.814,160.064,780,24.051
14379,4,219.482,160.408,781,24.072
14399,4,218.926,160.318,782,23.997
14419,4,218.527,160.182,783,24.05
14439,4,218.035,160.116,784,24.045
14459,4,218.763,160.155,785,24.045
14479,4,219.059,160.139,786,24.009
14499,4,218.207,160.064,787,24.036
14519,4,218.715,159.828,788,24.007
14539,4,218.517,160.657,789,23.816
14560,4,218.864,161.682,790,23.929
14600,4,219.568,161.483,791,24.018
14620,4,219.855,161.085,792,24.021
14580,4,219.867,160.822,793,23.96
14640,4,219.488,160.762,794,23.928
14659,4,220.706,161.759,795,23.929
14679,4,220.02,161.157,796,24.037
14698,4,220.087,160.281,797,24.045
14718,4,220.235,160.059,798,23.992
14738,4,219.932,159.533,799,23.973
14758,4,219.684,159.733,800,24.046
14777,4,219.345,160.713,801,23.886
14816,4,219.988,162.061,802,23.991
14797,4,219.832,162.883,803,24.039
14834,4,219.943,162.539,804,24.011
14853,4,219.834,162.297,805,23.95
14871,4,219.978,161.903,806,24.064
14890,4,220.664,161.374,807,24.048
14929,4,220.36,160.989,808,23.982
14909,4,220.845,161.523,809,24.014
14969,4,220.827,161.236,810,24.042
14949,4,219.838,161.493,811,24.02
15009,4,220.114,161.709,812,23.982
14989,4,219.654,162.205,813,24.1
15049,4,219.478,161.343,814,23.962
15029,4,219.581,161.377,815,23.997
15089,4,221.457,161.094,816,24.002
15069,4,221.853,161.992,817,23.98
15109,4,220.097,161.409,818,24.034
15129,4,219.879,161.189,819,24.076
15190,4,219.712,161.429,820,24.098
15150,4,220.042,161.351,821,24.058
15170,4,221.167,160.492,822,24.119
15210,4,221.74,160.486,823,24.126
15229,4,222.93,159.363,824,24.057
15268,4,223.129,159.699,825,23.958
15249,4,223.407,158.947,826,24.147
15287,4,223.74,159.291,827,24.106
15324,4,222.41,158.075,828,24.111
15305,4,222.131,159.44,829,24.016
15343,4,223.167,157.396,830,24.139
15362,4,223.376,157.33,831,24.143
15400,4,224.144,156.608,832,24.071
15381,4,224.083,156.775,833,24.084
15457,4,223.903,157.304,834,24.143
15438,4,224.742,157.432,835,24.05
15419,4,225.695,156.839,836,24.097
15476,4,226.581,156.448,837,24.017
15515,4,226.436,157.041,838,24.064
15496,4,227.543,158.115,839,24.007
15554,4,228.055,157.224,840,24.113
15534,4,228.122,156.753,841,24.027
15574,4,228.387,156.502,842,23.965
15594,4,228.245,156.094,843,24.064
15614,4,227.691,155.621,844,23.975
15633,4,228.233,155.962,845,24.045
15652,4,228.618,155.465,846,23.96
15671,4,229.387,156.019,847,24.039
15690,4,229.254,156.358,848,23.992
15709,4,228.29,157.297,849,24.064
15747,4,227.102,157.173,850,24.035
15728,4,226.802,157.193,851,24.017
15766,4,226.283,157.066,852,24.008
15806,4,225.212,157.05,853,24.07
15786,4,224.966,157.158,854,24.064
15826,4,224.796,158.437,855,23.995
15846,4,225.178,157.448,856,23.967
15886,4,225.3,158.021,857,24.093
15866,4,225.803,157.088,858,24.048
15906,4,224.747,158.394,859,24.014
15925,4,225.121,157.365,860,24.075
15944,4,225.978,156.383,861,24.019
15963,4,225.636,154.313,862,23.954
15983,4,224.801,153.994,863,24.03
16003,4,223.147,154.638,864,24.035
16022,4,222.714,154.926,865,23.905
16042,4,223.373,155.468,866,24.052
16062,4,224.012,156.209,867,24.039
16100,4,223.205,156.764,868,24.03
16081,4,224.04,157.258,869,24.028
16137,4,224.727,157.117,870,24.041
16119,4,225.155,158.262,871,24.045
16156,4,226.32,156.753,872,23.983
16175,4,227.761,157.088,873,23.967
16193,4,227.52,157.086,874,23.986
16211,4,227.446,156.797,875,23.988
16230,4,226.887,156.447,876,24.142
16250,4,225.612,155.559,877,23.9
16323,4,227.35,155.721,878,24.054
16287,4,226.377,155.982,879,24.012
16269,4,226.988,156.717,880,23.797
16305,4,227.513,156.614,881,23.762
16361,4,227.572,159.07,882,23.704
16341,4,226.495,158.338,883,24.011
16399,4,226.88,158.989,884,24.048
16379,4,228.195,157.329,885,24.059
16418,4,227.048,156.474,886,24.051
16438,4,227.91,156.46,887,23.965
16476,4,228.134,155.725,888,23.774
16458,4,228.624,156.366,889,23.5
16495,4,227.107,156.357,890,23.948
16514,4,225.785,156.857,891,23.658
16553,4,226.255,156.274,892,23.978
16534,4,226.643,156.896,893,23.958
16591,4,226.853,157.54,894,23.965
16572,4,228.159,157.881,895,24.064
16628,4,228.343,157.494,896,24.034
16610,4,227.933,157.249,897,24.046
16666,4,226.546,158.232,898,24.119
16646,4,226.085,158.391,899,24.092
16684,4,226.413,157.493,900,24.038
16702,4,226.538,156.989,901,23.931
16720,4,225.994,156.944,902,23.985
16739,4,225.97,156.491,903,24.069
16757,4,226.306,156.448,904,24.044
16777,4,226.225,156.847,905,23.946
16796,4,227.286,156.659,906,23.992
16835,4,227.396,156.022,907,24.089
16816,4,227.044,156.552,908,24.025
16855,4,226.926,157.185,909,24.064
16874,4,226.288,156.855,910,23.993
16893,4,226.444,157.366,911,24.019
16912,4,226.045,157.979,912,24.097
16931,4,227.312,158.906,913,24.113
16950,4,225.768,158.82,914,24.07
16971,4,225.275,156.558,915,23.995
17007,4,225.194,156.612,916,23.982
16989,4,225.459,155.846,917,23.98
17025,4,225.815,156.044,918,24.086
17043,4,225.51,155.798,919,23.967
17061,4,224.967,156.434,920,23.995
17079,4,225.708,157.612,921,24.083
17097,4,225.724,156.674,922,24
17116,4,225.876,156.619,923,24.019
17153,4,225.362,157.575,924,24.09
17134,4,225.377,156.961,925,24.057
17171,4,225.345,157.403,926,24.029
17225,4,225.11,156.225,927,24.076
17207,4,224.778,156.715,928,24.057
17189,4,224.618,157.363,929,24.155
17243,4,225.69,156.804,930,24.064
17261,4,225.988,156.463,931,24.037
17279,4,227.449,158.081,932,24.083
17297,4,228.536,157.361,933,24.064
17315,4,228.16,157.906,934,24.101
17333,4,227.656,157.452,935,24.126
17352,4,226.67,156.534,936,24.022
17370,4,226.603,157.015,937,24.101
17390,4,226.552,156.132,938,24.096
17430,4,226.396,156.426,939,24.002
17409,4,225.693,156.461,940,23.961
17450,4,225.857,158.137,941,24.08
17469,4,225.256,157.137,942,23.955
17490,4,225,156.622,943,24.016
17510,4,224.08,156.701,944,24.031
17529,4,224.811,156.301,945,24.008
17568,4,224.217,156.218,946,24.038
17548,4,224.076,156.257,947,24.018
17587,4,224.827,156.81,948,24.051
17606,4,224.245,156.716,949,24.07
17663,4,224.307,157.279,950,24.103
17644,4,224.886,156.338,951,24.051
17624,4,224.176,158.09,952,24.115
17682,4,224.855,158.215,953,24.087
17720,4,224.95,158.01,954,24.086
17702,4,224.756,157.222,955,24.081
17739,4,224.91,156.7,956,24.018
17757,4,225.472,156.294,957,23.971
17775,4,225.535,156.247,958,23.98
17814,4,225.746,156.528,959,23.973
17795,4,224.163,155.264,960,24.038
17832,4,224.351,155.283,961,24.029
17850,4,225.833,156.124,962,24.064
17868,4,224.378,155.294,963,23.898
17907,4,225.047,155.867,964,24.017
17886,4,226.477,156.538,965,23.999
17925,4,225.844,156.086,966,24.058
17943,4,226.025,156.995,967,24.058
17961,4,225.608,157.245,968,23.971
17980,4,226.651,156.62,969,24.018
17999,4,225.952,155.278,970,24.022
18017,4,226.011,155.148,971,23.996
18036,4,225.12,155.618,972,24.019
18074,4,224.863,156.186,973,24.027
18055,4,225.227,156.202,974,24.002
18093,4,225.807,156.687,975,24.013
18112,4,224.332,157.038,976,24.064
18131,4,224.766,155.98,977,24.035
18150,4,224.697,156.365,978,23.973
18190,4,224.403,156.308,979,23.952
18170,4,225.242,156.081,980,24.028
18228,4,224.793,156.476,981,23.973
18209,4,225.144,155.967,982,24.022
18247,4,225.313,156.624,983,23.988
18266,4,224.424,156.33,984,24.036
18285,4,224.703,156.713,985,24.044
18304,4,223.897,158.067,986,24.095
18322,4,224.274,158.083,987,24.07
18342,4,224.43,156.94,988,23.989
18398,4,224.168,156.674,989,24.031
18379,4,225.196,155.81,990,24.01
18360,4,225.373,156.412,991,23.929
18417,4,225.073,156.651,992,24.021
18453,4,224.832,157.066,993,24.064
18489,4,224.521,156.994,994,24.003
18435,4,222.716,158.077,995,24.07
18471,4,222.028,158.119,996,24.048
18526,4,223.093,157.973,997,24.114
18508,4,223.354,156.903,998,23.99
18564,4,222.938,156.444,999,24.031
18544,4,223.454,156.472,1000,23.999
18621,4,223.415,156.192,1001,24.014
18582,4,220.599,156.572,1002,23.94
18601,4,221.059,157.883,1003,24.009
18641,4,221.961,156.917,1004,23.932
18660,4,221.664,156.642,1005,23.877
18679,4,221.275,157.251,1006,23.897
18698,4,221.828,157.685,1007,24.062
18717,4,221.984,157.513,1008,24.052
18737,4,221.585,158.786,1009,24.053
18756,4,221.113,158.869,1010,24.076
18775,4,219.925,157.906,1011,24.135
18793,4,218.908,156.091,1012,24.097
18812,4,218.815,155.23,1013,24.078
18830,4,216.713,154.894,1014,24.057
18849,4,215.784,154.273,1015,23.944
18867,4,214.62,155.019,1016,24.007
18886,4,213.678,156.867,1017,23.632
18905,4,213.169,157.002,1018,23.74
18925,4,213.349,154.004,1019,23.803
18944,4,212.795,153.968,1020,23.728
18963,4,213.038,154.144,1021,23.77
18983,4,212.087,154.794,1022,23.656
19003,4,211.627,154.325,1023,23.952
19022,4,211.759,154.938,1024,23.888
19041,4,210.812,153.226,1025,24.003
19060,4,210.303,153.826,1026,23.725
19079,4,210.144,153.608,1027,23.823
19098,4,210.65,153.266,1028,23.918
19136,4,211.564,153.686,1029,23.934
19117,4,210.774,153.972,1030,23.972
19156,4,209.9,154.57,1031,23.652
19175,4,209.909,154.163,1032,23.949
19194,4,210.372,154.121,1033,23.89
19213,4,210.924,154.655,1034,24.017
19233,4,210.268,155.02,1035,23.969
19253,4,209.965,155.779,1036,23.951
19272,4,209.522,154.515,1037,23.87
19292,4,209.498,154.197,1038,23.922
19312,4,209.357,154.403,1039,23.917
19332,4,209.58,155.09,1040,24.013
19351,4,209.261,155.43,1041,23.967
19370,4,210.088,155.529,1042,23.864
19411,4,209.587,157.131,1043,23.902
19390,4,209.698,156.562,1044,23.832
19431,4,209.894,155.086,1045,23.986
19451,4,210.821,155.278,1046,23.883
19470,4,210.997,155.696,1047,23.597
19489,4,211.609,156.186,1048,23.908
19509,4,211.691,155.44,1049,23.922
19528,4,212.134,156.218,1050,23.969
19548,4,212.349,155.207,1051,23.908
19566,4,211.829,155.61,1052,23.923
19605,4,211.681,156.509,1053,23.911
19586,4,210.749,156.024,1054,23.897
19642,4,209.725,155.297,1055,23.958
19623,4,210.475,154.681,1056,23.67
19661,4,211.388,154.426,1057,23.939
19680,4,212.348,154.932,1058,23.903
19719,4,211.633,154.092,1059,23.91
19700,4,212.392,154.125,1060,23.868
19737,4,211.05,154.125,1061,23.88
19757,4,211.379,154.587,1062,23.641
19794,4,211.526,154.434,1063,23.875
19776,4,211.371,154.685,1064,23.992
19813,4,210.374,155.711,1065,23.911
19831,4,209.228,154.507,1066,23.84
19849,4,209.665,153.692,1067,23.935
19867,4,208.779,153.609,1068,23.812
19904,4,207.663,153.032,1069,23.877
19886,4,208.573,153,1070,23.989
19923,4,209.063,153.253,1071,23.996
19942,4,210.204,153.533,1072,23.837
19959,4,209.69,153.727,1073,23.993
