Label,TRACK_ID,NUMBER_SPOTS,NUMBER_GAPS,LONGEST_GAP,NUMBER_SPLITS,NUMBER_MERGES,NUMBER_COMPLEX,TRACK_DURATION,TRACK_START,TRACK_STOP,TRACK_DISPLACEMENT,TRACK_INDEX,TRACK_X_LOCATION,TRACK_Y_LOCATION,TRACK_Z_LOCATION,TRACK_MEAN_SPEED,TRACK_MAX_SPEED,TRACK_MIN_SPEED,TRACK_MEDIAN_SPEED,TRACK_STD_SPEED,TRACK_MEAN_QUALITY,TRACK_MAX_QUALITY,TRACK_MIN_QUALITY,TRACK_MEDIAN_QUALITY,TRACK_STD_QUALITY
Track_0,0,435,0,0,0,0,0,434,0,434,16.459,0,404.696,242.768,0,0.764,9.711,0.025,0.664,0.667,2.757,3.158,2.104,2.786,0.197
Track_1,1,146,0,0,0,0,0,145,0,145,7.026,1,13.242,243.317,0,0.509,1.345,0.006,0.489,0.315,2.036,2.292,1.750,2.040,0.113
Track_2,2,1890,0,0,0,0,0,1889,0,1889,32.947,2,80.244,237.686,0,0.586,1.845,0.008,0.538,0.339,2.671,3.123,2.229,2.653,0.170
Track_3,3,1890,0,0,0,0,0,1889,0,1889,23.549,3,249.332,271.110,0,0.675,3.120,0.008,0.619,0.410,3.607,4.381,2.924,3.557,0.289
Track_4,4,966,0,0,0,0,0,965,0,965,24.202,4,15.553,252.658,0,0.452,1.530,0.002,0.420,0.310,2.127,2.442,1.760,2.149,0.151
Track_5,5,1890,0,0,0,0,0,1889,0,1889,29.210,5,296.104,262.244,0,0.588,2.091,0.003,0.587,0.348,3.251,3.823,2.695,3.245,0.230
Track_6,6,1890,0,0,0,0,0,1889,0,1889,3.738,6,437.402,271.295,0,0.535,1.648,0.009,0.508,0.290,4.307,4.916,3.809,4.318,0.188
Track_7,7,513,0,0,0,0,0,512,0,512,15.025,7,217.333,283.052,0,0.714,10.465,0.028,0.629,0.681,3.595,3.992,2.690,3.584,0.287
Track_8,8,3,0,0,0,0,0,2,0,2,0.000,8,0.000,293.000,0,0.000,0.000,0.000,0.000,0.000,1.849,1.947,1.746,1.856,0.082
Track_9,9,1890,0,0,0,0,0,1889,0,1889,34.200,9,62.105,276.103,0,0.564,2.323,0.004,0.533,0.328,3.854,4.398,3.376,3.880,0.241
Track_10,10,1890,0,0,0,0,0,1889,0,1889,4.081,10,385.220,302.696,0,0.547,1.995,0.007,0.507,0.305,4.068,4.604,3.521,4.126,0.228
Track_11,11,1890,0,0,0,0,0,1889,0,1889,0.971,11,464.318,303.465,0,0.493,1.717,0.009,0.461,0.288,3.284,4.017,2.566,3.285,0.212
Track_12,12,1890,0,0,0,0,0,1889,0,1889,34.742,12,107.344,288.204,0,0.585,1.783,0.017,0.549,0.316,3.675,4.029,3.207,3.674,0.165
Track_13,13,1890,0,0,0,0,0,1889,0,1889,77.689,13,148.369,268.763,0,0.613,2.263,0.010,0.600,0.346,3.554,4.301,3.029,3.496,0.279
Track_14,14,1890,0,0,0,0,0,1889,0,1889,17.339,14,333.688,304.036,0,0.569,2.381,7.053E-4,0.567,0.339,3.505,4.031,2.924,3.510,0.253
Track_15,15,1890,0,0,0,0,0,1889,0,1889,41.729,15,27.544,298.933,0,0.533,2.195,0.011,0.500,0.308,3.461,4.096,2.525,3.444,0.253
Track_16,16,1890,0,0,0,0,0,1889,0,1889,14.332,16,233.366,331.033,0,0.679,2.487,0.017,0.646,0.387,3.243,3.733,2.665,3.260,0.242
Track_17,17,1890,0,0,0,0,0,1889,0,1889,15.790,17,289.670,319.032,0,0.580,1.914,0.010,0.542,0.331,3.713,4.294,3.178,3.695,0.238
Track_18,18,1890,0,0,0,0,0,1889,0,1889,10.890,18,422.578,327.452,0,0.575,2.397,0.006,0.527,0.333,3.807,4.437,2.813,3.847,0.316
Track_19,19,1890,0,0,0,0,0,1889,0,1889,38.831,19,81.447,328.864,0,0.618,3.306,0.009,0.566,0.364,2.662,3.454,1.938,2.676,0.262
Track_20,20,1890,0,0,0,0,0,1889,0,1889,59.833,20,142.947,313.397,0,0.615,2.105,0.004,0.603,0.349,4.219,5.015,3.773,4.123,0.286
Track_21,21,1890,0,0,0,0,0,1889,0,1889,8.803,21,460.853,351.120,0,0.495,1.550,0.010,0.459,0.278,3.990,4.637,3.333,3.990,0.278
Track_22,22,1890,0,0,0,0,0,1889,0,1889,12.365,22,378.350,351.467,0,0.657,2.275,0.007,0.643,0.366,3.984,4.432,3.572,4.034,0.202
Track_23,23,460,0,0,0,0,0,459,0,459,16.453,23,193.687,351.356,0,0.707,7.640,0.014,0.621,0.624,3.440,3.953,2.968,3.405,0.261
Track_24,24,1890,0,0,0,0,0,1889,0,1889,36.518,24,17.012,349.528,0,0.627,5.415,0.000,0.605,0.404,3.817,4.504,3.031,3.811,0.350
Track_25,25,1052,1,1,0,0,0,1052,0,1052,13.488,25,276.332,372.162,0,0.707,3.937,0.009,0.652,0.437,3.590,4.369,3.217,3.583,0.195
Track_26,26,1890,0,0,0,0,0,1889,0,1889,15.343,26,329.050,376.053,0,0.601,2.164,0.004,0.564,0.348,3.977,4.541,3.566,3.981,0.193
Track_27,27,1890,0,0,0,0,0,1889,0,1889,26.180,27,415.223,375.033,0,0.593,2.093,0.019,0.546,0.337,3.807,4.386,3.336,3.791,0.173
Track_28,28,14,0,0,0,0,0,13,0,13,4.385,28,136.205,391.424,0,1.306,3.012,0.239,0.974,0.810,2.942,3.046,2.835,2.940,0.056
Track_29,29,1890,0,0,0,0,0,1889,0,1889,29.013,29,58.448,382.210,0,0.637,2.600,0.008,0.612,0.368,3.894,4.641,3.287,3.863,0.252
Track_30,30,1890,0,0,0,0,0,1889,0,1889,35.043,30,172.854,397.930,0,0.672,3.369,0.022,0.625,0.425,3.194,3.659,2.853,3.195,0.133
Track_31,31,1890,0,0,0,0,0,1889,0,1889,5.920,31,457.975,398.164,0,0.532,2.027,0.003,0.531,0.311,4.136,4.823,3.442,4.160,0.296
Track_32,32,393,1,1,0,0,0,393,0,393,6.979,32,113.800,402.629,0,0.724,5.043,0.025,0.679,0.497,2.252,2.642,1.735,2.280,0.187
Track_33,33,1890,0,0,0,0,0,1889,0,1889,9.682,33,371.046,409.350,0,0.605,1.892,0.010,0.568,0.333,3.831,4.895,2.951,3.776,0.386
Track_34,34,1890,0,0,0,0,0,1889,0,1889,7.040,34,308.233,414.030,0,0.490,1.705,0.002,0.457,0.285,4.300,4.967,3.686,4.366,0.294
Track_35,35,1890,0,0,0,0,0,1889,0,1889,12.416,35,31.415,419.998,0,0.568,2.060,0.005,0.516,0.329,3.223,3.781,2.525,3.226,0.254
Track_36,36,1890,0,0,0,0,0,1889,0,1889,51.585,36,218.406,396.123,0,0.642,2.285,0.012,0.597,0.357,3.934,4.607,3.479,3.911,0.217
Track_37,37,1890,0,0,0,0,0,1889,0,1889,23.544,37,246.825,423.523,0,0.643,2.168,0.017,0.610,0.355,3.933,4.641,3.469,3.898,0.264
Track_38,38,899,0,0,0,0,0,898,0,898,9.046,38,428.347,425.293,0,0.584,2.168,0.008,0.553,0.321,3.795,4.472,2.595,3.833,0.349
Track_39,39,338,0,0,0,0,0,337,0,337,3.000,39,477.000,439.834,0,0.353,2.000,0.000,0.000,0.485,3.853,4.793,1.741,4.215,0.769
Track_40,40,912,0,0,0,0,0,911,0,911,14.036,40,401.902,441.087,0,1.006,4.634,0.015,0.856,0.734,2.830,4.395,1.998,2.793,0.403
Track_41,41,1890,0,0,0,0,0,1889,0,1889,3.432,41,334.436,448.953,0,0.448,1.542,0.003,0.412,0.270,4.345,4.943,3.717,4.381,0.275
Track_42,42,116,0,0,0,0,0,115,0,115,6.418,42,188.125,451.649,0,0.647,2.664,0.055,0.627,0.424,3.522,3.941,3.117,3.556,0.231
Track_43,43,1890,0,0,0,0,0,1889,0,1889,4.058,43,290.359,454.513,0,0.419,1.697,0.002,0.345,0.302,4.002,4.558,3.398,3.962,0.325
Track_44,44,32,0,0,0,0,0,31,0,31,4.538,44,93.520,453.246,0,0.890,2.602,0.117,0.854,0.555,3.184,3.319,3.062,3.185,0.060
Track_45,45,1890,0,0,0,0,0,1889,0,1889,26.183,45,130.947,445.431,0,0.631,2.289,0.016,0.585,0.368,4.121,4.911,3.469,4.073,0.331
Track_46,46,1890,0,0,0,0,0,1889,0,1889,6.210,46,233.522,464.535,0,0.679,2.201,0.010,0.634,0.387,3.538,4.102,3.129,3.486,0.175
Track_47,47,117,0,0,0,0,0,116,0,116,5.195,47,48.983,470.749,0,0.656,1.646,0.031,0.633,0.389,2.362,2.797,1.741,2.326,0.242
Track_48,48,1890,0,0,0,0,0,1889,0,1889,19.966,48,100.136,479.208,0,0.539,5.389,0.000,0.451,0.498,4.140,4.777,2.907,4.140,0.268
Track_49,49,1227,0,0,0,0,0,1226,0,1226,6.600,49,152.863,487.661,0,0.690,6.183,0.000,0.567,0.807,3.701,4.886,2.605,3.659,0.455
Track_50,50,1775,0,0,0,0,0,1774,0,1774,4.000,50,271.255,491.000,0,0.361,2.000,0.000,0.000,0.489,3.432,4.538,1.759,3.458,0.597
Track_51,51,1890,0,0,0,0,0,1889,0,1889,5.000,51,315.517,491.000,0,0.319,2.000,0.000,0.000,0.471,3.747,4.522,2.999,3.688,0.351
Track_52,52,286,0,0,0,0,0,285,0,285,6.000,52,52.417,0.192,0,0.439,4.677,0.000,0.000,0.727,2.513,2.984,1.828,2.559,0.247
Track_53,53,333,2,1,0,0,0,334,0,334,5.000,53,102.372,0.000,0,0.383,2.000,0.000,0.000,0.517,3.111,4.049,1.846,3.142,0.527
Track_54,54,1890,0,0,0,0,0,1889,0,1889,1.000,54,339.838,0.000,0,0.263,2.000,0.000,0.000,0.442,2.863,3.515,2.048,2.875,0.233
Track_55,55,658,0,0,0,0,0,657,0,657,15.040,55,202.454,13.327,0,0.629,6.405,0.000,0.514,0.710,2.404,2.882,2.191,2.385,0.104
Track_56,56,1890,0,0,0,0,0,1889,0,1889,8.623,56,428.585,23.516,0,0.619,2.034,0.008,0.582,0.370,2.433,2.941,1.745,2.465,0.257
Track_57,57,896,0,0,0,0,0,895,0,895,5.399,57,385.998,21.475,0,0.654,1.952,0.003,0.615,0.370,3.197,3.897,2.287,3.239,0.295
Track_58,58,1254,0,0,0,0,0,1253,0,1253,21.661,58,23.677,7.262,0,0.291,3.125,0.000,0.178,0.376,3.337,4.254,1.859,3.327,0.466
Track_59,59,1335,0,0,0,0,0,1334,0,1334,22.150,59,250.238,4.769,0,0.651,5.737,0.000,0.682,0.734,2.817,3.273,1.747,2.857,0.227
Track_60,60,1890,0,0,0,0,0,1889,0,1889,30.085,60,63.769,22.025,0,0.343,1.961,0.009,0.287,0.243,3.318,3.702,2.644,3.374,0.251
Track_61,61,402,0,0,0,0,0,401,0,401,1.875,61,412.002,47.118,0,0.499,1.563,0.025,0.450,0.296,2.501,3.570,1.750,2.302,0.456
Track_62,62,1141,1,1,0,0,0,1141,0,1141,9.276,62,454.668,54.449,0,0.652,2.298,0.014,0.601,0.383,2.798,3.577,1.999,2.800,0.303
Track_63,63,3,0,0,0,0,0,2,0,2,0.369,63,309.196,51.822,0,0.809,0.932,0.686,0.932,0.174,2.622,2.662,2.580,2.625,0.033
Track_64,64,1890,0,0,0,0,0,1889,0,1889,32.336,64,10.990,35.920,0,0.407,3.898,0.000,0.332,0.359,3.614,3.995,3.312,3.588,0.158
Track_65,65,1890,0,0,0,0,0,1889,0,1889,39.982,65,122.944,34.856,0,0.465,1.712,0.006,0.424,0.292,2.686,3.050,2.261,2.702,0.133
Track_66,66,1890,0,0,0,0,0,1889,0,1889,10.602,66,359.701,59.616,0,0.669,2.163,0.005,0.641,0.370,3.275,3.788,2.774,3.299,0.223
Track_67,67,166,0,0,0,0,0,165,0,165,1.455,67,443.231,69.373,0,0.604,1.794,0.024,0.551,0.369,2.170,2.478,1.757,2.168,0.132
Track_68,68,792,2,1,0,0,0,793,0,793,14.938,68,59.491,67.318,0,0.403,1.916,0.003,0.361,0.248,2.621,3.053,1.737,2.690,0.283
Track_69,69,1890,0,0,0,0,0,1889,0,1889,44.225,69,228.910,45.878,0,0.571,2.940,0.005,0.519,0.350,3.120,3.780,2.542,3.089,0.256
Track_70,70,1890,0,0,0,0,0,1889,0,1889,21.904,70,269.907,72.736,0,0.524,1.848,0.004,0.491,0.311,3.290,3.819,2.590,3.294,0.291
Track_71,71,1890,0,0,0,0,0,1889,0,1889,49.690,71,186.617,54.901,0,0.601,2.275,0.003,0.562,0.347,3.387,3.838,2.384,3.387,0.189
Track_72,72,1890,0,0,0,0,0,1889,0,1889,15.974,72,314.622,91.071,0,0.610,4.258,0.002,0.558,0.368,3.401,4.362,2.367,3.414,0.422
Track_73,73,1890,0,0,0,0,0,1889,0,1889,35.757,73,31.080,70.413,0,0.405,1.377,0.006,0.357,0.249,3.096,3.519,2.099,3.201,0.300
Track_74,74,1890,0,0,0,0,0,1889,0,1889,4.000,74,477.000,99.097,0,0.320,2.000,0.000,0.000,0.474,3.635,4.497,2.308,3.712,0.400
Track_75,75,1890,0,0,0,0,0,1889,0,1889,20.670,75,358.214,102.760,0,0.604,1.859,0.005,0.595,0.338,3.269,4.112,2.423,3.357,0.333
Track_76,76,185,0,0,0,0,0,184,0,184,0.666,76,444.231,98.598,0,0.503,1.414,0.025,0.499,0.287,2.045,2.407,1.793,2.021,0.152
Track_77,77,1890,0,0,0,0,0,1889,0,1889,30.649,77,59.615,98.713,0,0.450,2.135,0.005,0.410,0.289,3.716,4.185,3.261,3.683,0.227
Track_78,78,1749,0,0,0,0,0,1748,0,1748,2.000,78,0.013,114.125,0,0.378,4.116,0.000,0.000,0.514,3.755,4.901,1.787,3.939,0.671
Track_79,79,90,0,0,0,0,0,89,0,89,0.914,79,459.130,121.898,0,0.643,1.995,0.052,0.609,0.397,2.204,2.524,1.792,2.219,0.136
Track_80,80,131,0,0,0,0,0,130,0,130,3.602,80,326.683,114.052,0,1.100,7.089,0.057,0.827,0.944,2.817,3.893,1.952,2.842,0.474
Track_81,81,1890,0,0,0,0,0,1889,0,1889,44.988,81,141.221,102.429,0,0.479,2.245,0.003,0.437,0.291,2.747,3.098,2.342,2.727,0.127
Track_82,82,1890,0,0,0,0,0,1889,0,1889,20.813,82,398.404,118.939,0,0.582,1.964,0.005,0.539,0.326,3.896,4.616,3.036,3.900,0.349
Track_83,83,1890,0,0,0,0,0,1889,0,1889,54.575,83,218.020,98.620,0,0.675,2.389,0.017,0.647,0.389,3.826,4.478,3.535,3.790,0.178
Track_84,84,1890,0,0,0,0,0,1889,0,1889,29.993,84,271.345,123.508,0,0.578,1.950,0.008,0.561,0.335,3.983,5.059,3.430,4.000,0.346
Track_85,85,1890,0,0,0,0,0,1889,0,1889,27.936,85,185.605,134.554,0,0.701,2.816,0.008,0.641,0.417,3.831,4.402,3.172,3.816,0.307
Track_86,86,1526,1,1,0,0,0,1526,0,1526,35.693,86,119.171,130.304,0,0.450,2.832,0.008,0.405,0.286,2.311,2.741,1.740,2.320,0.145
Track_87,87,141,0,0,0,0,0,140,0,140,3.709,87,141.272,148.143,0,0.506,1.878,0.030,0.459,0.317,2.125,2.598,1.780,2.134,0.183
Track_88,88,1890,0,0,0,0,0,1889,0,1889,4.659,88,359.132,149.916,0,0.628,2.101,0.008,0.592,0.346,4.013,4.480,3.532,4.031,0.160
Track_89,89,3,0,0,0,0,0,2,1,3,0.560,89,39.421,151.616,0,0.572,0.708,0.436,0.708,0.192,1.752,1.756,1.748,1.751,0.004
Track_90,90,44,0,0,0,0,0,43,0,43,5.605,90,116.129,166.898,0,0.539,1.383,0.007,0.539,0.347,1.964,2.057,1.868,1.965,0.049
Track_91,91,1890,0,0,0,0,0,1889,0,1889,13.254,91,459.963,168.056,0,0.474,1.581,0.003,0.429,0.282,2.467,2.837,2.160,2.460,0.132
Track_92,92,1889,1,1,0,0,0,1889,0,1889,30.492,92,310.588,150.474,0,0.755,11.579,0.005,0.681,0.614,3.516,4.876,1.839,3.394,0.619
Track_93,93,1890,0,0,0,0,0,1889,0,1889,7.594,93,258.590,171.025,0,0.615,1.871,0.004,0.583,0.349,4.290,4.823,3.912,4.233,0.216
Track_94,94,1434,0,0,0,0,0,1433,0,1433,28.701,94,80.491,166.459,0,0.427,1.876,8.688E-4,0.399,0.277,2.471,2.867,1.878,2.573,0.247
Track_95,95,1890,0,0,0,0,0,1889,0,1889,36.553,95,156.713,172.784,0,0.596,1.853,0.007,0.567,0.346,3.932,4.181,3.679,3.928,0.078
Track_96,96,1890,0,0,0,0,0,1889,0,1889,10.988,96,209.611,183.278,0,0.543,1.761,0.022,0.507,0.309,4.051,4.298,3.711,4.080,0.133
Track_97,97,1890,0,0,0,0,0,1889,0,1889,9.458,97,400.926,189.894,0,0.600,2.072,0.005,0.565,0.342,3.398,3.732,3.037,3.438,0.153
Track_98,98,1890,0,0,0,0,0,1889,0,1889,10.243,98,353.324,198.010,0,0.636,2.492,0.015,0.625,0.372,4.058,4.864,3.398,3.961,0.306
Track_99,99,1890,0,0,0,0,0,1889,0,1889,32.226,99,40.193,186.409,0,0.529,4.687,0.004,0.475,0.358,2.888,3.300,2.463,2.917,0.154
Track_100,100,34,1,1,0,0,0,34,0,34,5.714,100,320.737,212.737,0,0.984,2.842,0.090,0.968,0.510,2.132,2.501,1.740,2.113,0.224
Track_101,101,1890,0,0,0,0,0,1889,0,1889,37.114,101,260.925,216.787,0,0.709,2.791,0.002,0.703,0.402,3.966,4.380,3.534,3.937,0.177
Track_102,102,1890,0,0,0,0,0,1889,0,1889,3.578,102,443.887,219.716,0,0.578,1.783,0.005,0.565,0.335,4.259,4.750,3.710,4.192,0.233
Track_103,103,68,0,0,0,0,0,67,0,67,0.755,103,316.493,228.739,0,0.846,1.983,0.088,0.793,0.475,2.603,3.164,2.049,2.700,0.297
Track_104,104,1890,0,0,0,0,0,1889,0,1889,23.385,104,218.346,231.459,0,0.591,1.884,0.014,0.544,0.336,3.991,4.473,3.319,4.045,0.242
Track_105,105,1890,0,0,0,0,0,1889,0,1889,47.916,105,172.223,224.192,0,0.684,2.570,0.007,0.650,0.405,3.702,4.265,3.115,3.734,0.227
Track_106,106,1890,0,0,0,0,0,1889,0,1889,24.761,106,342.267,243.707,0,0.611,2.285,0.011,0.584,0.348,3.603,4.007,3.177,3.601,0.208
Track_107,107,2,0,0,0,0,0,1,2,3,0.507,107,304.526,45.471,0,0.507,0.507,0.507,0.507,NaN,2.548,2.578,2.518,2.578,0.030
Track_108,108,1888,0,0,0,0,0,1887,2,1889,7.537,108,308.959,50.833,0,0.488,6.041,0.005,0.422,0.349,2.576,3.117,1.854,2.626,0.277
Track_109,109,2,0,0,0,0,0,1,2,3,1.799,109,40.679,156.617,0,1.799,1.799,1.799,1.799,NaN,1.743,1.747,1.740,1.747,0.004
Track_110,110,87,0,0,0,0,0,86,2,88,3.450,110,45.189,163.141,0,0.645,1.895,0.017,0.637,0.441,2.206,2.555,1.744,2.298,0.223
Track_111,111,6,0,0,0,0,0,5,3,8,1.000,111,202.833,491.000,0,0.600,1.000,0.000,1.000,0.548,2.092,2.316,1.830,2.245,0.197
Track_112,112,3,0,0,0,0,0,2,7,9,1.000,112,437.667,0.000,0,0.500,1.000,0.000,1.000,0.707,1.793,1.833,1.748,1.797,0.035
Track_113,113,3,0,0,0,0,0,2,7,9,1.254,113,399.333,81.082,0,0.789,1.192,0.386,1.192,0.570,1.806,1.880,1.737,1.801,0.059
Track_114,114,4,1,1,0,0,0,4,9,13,0.455,114,39.615,152.119,0,1.576,3.100,0.466,1.161,1.365,1.761,1.787,1.744,1.765,0.017
Track_115,115,2,0,0,0,0,0,1,0,1,1.000,115,0.000,166.500,0,1.000,1.000,1.000,1.000,NaN,1.918,2.086,1.750,2.086,0.168
Track_116,116,30,1,1,0,0,0,30,11,41,0.463,116,166.196,374.175,0,0.548,1.092,0.145,0.520,0.273,1.838,1.951,1.767,1.821,0.054
Track_117,117,18,0,0,0,0,0,17,14,31,3.000,117,0.000,165.444,0,0.412,1.000,0.000,0.000,0.507,1.940,2.239,1.746,1.936,0.145
Track_118,118,297,1,1,0,0,0,297,13,310,8.996,118,136.132,390.559,0,0.754,3.666,0.034,0.675,0.506,3.058,3.353,2.179,3.062,0.162
Track_119,119,4,0,0,0,0,0,3,16,19,1.000,119,51.250,491.000,0,0.333,1.000,0.000,0.000,0.577,1.805,1.849,1.741,1.834,0.042
Track_120,120,488,1,1,0,0,0,488,17,505,11.051,120,80.922,438.503,0,0.796,4.716,0.015,0.651,0.606,3.395,3.723,3.035,3.396,0.113
Track_121,121,2,0,0,0,0,0,1,20,21,0.050,121,274.362,377.053,0,0.050,0.050,0.050,0.050,NaN,3.106,3.115,3.097,3.115,0.009
Track_122,122,6,0,0,0,0,0,5,23,28,1.000,122,0.000,297.667,0,0.200,1.000,0.000,0.000,0.447,1.993,2.210,1.747,1.998,0.167
Track_123,123,17,0,0,0,0,0,16,26,42,0.996,123,272.211,377.569,0,0.809,1.661,0.202,0.799,0.398,3.101,3.177,3.045,3.092,0.040
Track_124,124,4,1,1,0,0,0,4,27,31,0.477,124,397.253,82.566,0,0.564,1.051,0.252,0.389,0.427,1.832,1.958,1.757,1.853,0.083
Track_125,125,2,0,0,0,0,0,1,30,31,0.002,125,305.917,46.290,0,0.002,0.002,0.002,0.002,NaN,2.521,2.531,2.512,2.531,0.009
Track_126,126,2,0,0,0,0,0,1,34,35,0.737,126,92.491,452.723,0,0.737,0.737,0.737,0.737,NaN,3.186,3.211,3.161,3.211,0.025
Track_127,127,7,0,0,0,0,0,6,34,40,2.473,127,93.312,187.576,0,0.673,0.847,0.512,0.726,0.129,1.796,1.853,1.744,1.767,0.041
Track_128,128,72,0,0,0,0,0,71,36,107,7.899,128,317.743,214.018,0,0.833,2.666,0.075,0.696,0.559,2.874,3.273,2.307,2.994,0.272
Track_129,129,10,0,0,0,0,0,9,42,51,2.000,129,0.000,297.500,0,0.222,1.000,0.000,0.000,0.441,2.052,2.452,1.800,2.056,0.201
Track_130,130,11,0,0,0,0,0,10,45,55,1.652,130,92.844,186.727,0,0.587,0.914,0.195,0.590,0.260,1.944,2.121,1.734,1.940,0.138
Track_131,131,5,0,0,0,0,0,4,46,50,0.294,131,397.353,80.647,0,0.876,1.082,0.695,0.872,0.159,1.954,2.184,1.811,1.917,0.130
Track_132,132,2,0,0,0,0,0,1,46,47,1.002,132,112.582,165.936,0,1.002,1.002,1.002,1.002,NaN,1.761,1.781,1.741,1.781,0.020
Track_133,133,74,0,0,0,0,0,73,46,119,1.479,133,274.547,375.632,0,0.666,2.147,0.048,0.621,0.405,3.175,3.366,3.015,3.121,0.111
Track_134,134,12,0,0,0,0,0,11,50,61,3.685,134,401.477,231.416,0,1.328,3.533,0.229,1.008,0.913,1.809,1.900,1.735,1.804,0.050
Track_135,135,66,0,0,0,0,0,65,53,118,2.511,135,398.215,78.439,0,0.440,0.941,0.068,0.441,0.231,2.415,3.012,1.773,2.495,0.334
Track_136,136,367,0,0,0,0,0,366,53,419,5.188,136,111.791,164.225,0,0.454,1.257,0.008,0.437,0.290,1.895,2.069,1.735,1.894,0.059
Track_137,137,4,0,0,0,0,0,3,55,58,1.000,137,194.750,491.000,0,0.333,1.000,0.000,0.000,0.577,2.006,2.352,1.756,1.978,0.217
Track_138,138,5,0,0,0,0,0,4,64,68,1.022,138,401.629,231.255,0,0.461,1.117,0.139,0.318,0.444,1.770,1.788,1.734,1.780,0.020
Track_139,139,6,0,0,0,0,0,5,73,78,1.563,139,315.787,229.783,0,0.646,1.160,0.359,0.379,0.387,2.160,2.313,2.022,2.242,0.117
Track_140,140,2,0,0,0,0,0,1,74,75,1.000,140,193.500,491.000,0,1.000,1.000,1.000,1.000,NaN,1.869,1.971,1.767,1.971,0.102
Track_141,141,6,0,0,0,0,0,5,82,87,0.777,141,315.605,229.155,0,0.738,1.213,0.478,0.556,0.313,2.533,2.572,2.492,2.557,0.031
Track_142,142,17,1,1,0,0,0,17,82,99,4.647,142,397.580,231.216,0,0.814,1.872,0.191,0.807,0.459,1.853,2.006,1.747,1.852,0.064
Track_143,143,10,0,0,0,0,0,9,82,91,2.121,143,181.234,449.221,0,0.861,1.908,0.281,0.927,0.523,3.157,3.180,3.123,3.163,0.016
Track_144,144,3,0,0,0,0,0,2,92,94,0.830,144,46.124,162.363,0,0.484,0.654,0.313,0.654,0.241,1.804,1.824,1.770,1.819,0.024
Track_145,145,11,0,0,0,0,0,10,93,103,0.410,145,178.268,449.688,0,0.820,1.545,0.344,0.825,0.399,3.154,3.187,3.121,3.156,0.018
Track_146,146,141,0,0,0,0,0,140,94,234,1.159,146,458.362,121.740,0,0.610,1.985,0.054,0.629,0.355,2.228,2.562,1.798,2.286,0.195
Track_147,147,6,1,1,0,0,0,6,92,98,1.265,147,314.527,231.132,0,0.673,0.859,0.522,0.624,0.145,2.564,2.604,2.486,2.589,0.041
Track_148,148,18,0,0,0,0,0,17,97,114,2.706,148,46.514,161.615,0,0.476,1.237,0.028,0.437,0.361,1.883,1.959,1.751,1.904,0.061
Track_149,149,21,1,1,0,0,0,21,101,122,2.651,149,317.175,229.996,0,0.689,1.668,0.076,0.721,0.338,2.976,3.385,2.548,3.079,0.262
Track_150,150,2,0,0,0,0,0,1,106,107,1.000,150,178.500,449.000,0,1.000,1.000,1.000,1.000,NaN,3.169,3.170,3.167,3.170,0.002
Track_151,151,16,0,0,0,0,0,15,111,126,1.075,151,179.293,447.746,0,0.614,1.323,0.176,0.632,0.305,3.182,3.222,3.125,3.192,0.029
Track_152,152,214,2,1,0,0,0,215,114,329,6.614,152,314.626,218.771,0,0.741,2.857,0.053,0.662,0.478,3.360,3.957,2.773,3.317,0.265
Track_153,153,3,0,0,0,0,0,2,116,118,0.087,153,402.416,235.033,0,0.918,0.946,0.890,0.946,0.040,1.785,1.826,1.739,1.791,0.036
Track_154,154,100,0,0,0,0,0,99,119,218,2.745,154,51.280,472.411,0,0.753,2.956,0.074,0.687,0.465,2.095,2.574,1.749,2.108,0.192
Track_155,155,4,0,0,0,0,0,3,123,126,0.000,155,186.166,449.743,0,0.850,0.984,0.739,0.829,0.124,3.181,3.191,3.175,3.183,0.007
Track_156,156,38,1,1,0,0,0,38,125,163,6.052,156,272.242,379.156,0,0.768,1.828,0.093,0.747,0.357,3.200,3.369,3.051,3.182,0.079
Track_157,157,7,0,0,0,0,0,6,126,132,1.436,157,179.325,447.729,0,0.716,1.456,0.398,0.645,0.377,3.153,3.189,3.131,3.144,0.020
Track_158,158,10,0,0,0,0,0,9,127,136,0.489,158,397.602,79.210,0,0.548,1.297,0.059,0.485,0.379,1.992,2.169,1.769,2.107,0.164
Track_159,159,14,0,0,0,0,0,13,130,143,1.647,159,186.165,450.650,0,0.560,1.466,0.130,0.467,0.369,3.184,3.292,3.039,3.206,0.087
Track_160,160,2,0,0,0,0,0,1,133,134,1.416,160,315.342,229.818,0,1.416,1.416,1.416,1.416,NaN,2.481,2.603,2.360,2.603,0.121
Track_161,161,6,1,1,0,0,0,6,135,141,0.925,161,401.532,230.016,0,1.014,1.556,0.622,0.927,0.345,1.816,1.884,1.762,1.845,0.050
Track_162,162,132,3,1,0,0,0,134,138,272,4.243,162,183.922,446.573,0,0.784,6.362,0.055,0.666,0.711,3.264,3.647,3.020,3.225,0.174
Track_163,163,3,0,0,0,0,0,2,142,144,0.765,163,397.717,77.762,0,0.719,0.976,0.462,0.976,0.363,1.850,1.955,1.743,1.853,0.087
Track_164,164,20,1,1,0,0,0,20,143,163,3.541,164,139.712,148.389,0,0.482,0.975,0.039,0.504,0.240,1.944,2.156,1.768,1.938,0.109
Track_165,165,2,0,0,0,0,0,1,146,147,0.319,165,400.241,229.520,0,0.319,0.319,0.319,0.319,NaN,1.845,1.853,1.836,1.853,0.008
Track_166,166,34,0,0,0,0,0,33,146,179,2.612,166,43.253,160.078,0,0.477,1.070,0.018,0.457,0.282,1.956,2.193,1.756,1.930,0.114
Track_167,167,1740,0,0,0,0,0,1739,149,1888,10.530,167,396.573,76.088,0,0.498,1.691,0.006,0.470,0.287,2.653,3.242,1.744,2.672,0.340
Track_168,168,9,0,0,0,0,0,8,150,158,0.824,168,399.360,230.084,0,1.323,2.555,0.423,1.262,0.791,1.865,1.905,1.798,1.869,0.031
Track_169,169,12,0,0,0,0,0,11,161,172,3.183,169,323.615,105.554,0,0.778,1.301,0.112,0.822,0.387,2.704,2.816,2.494,2.714,0.078
Track_170,170,2,0,0,0,0,0,1,161,162,0.516,170,10.894,239.892,0,0.516,0.516,0.516,0.516,NaN,1.772,1.776,1.767,1.776,0.004
Track_171,171,6,0,0,0,0,0,5,161,166,1.000,171,477.000,255.667,0,0.200,1.000,0.000,0.000,0.447,1.891,2.020,1.742,1.955,0.104
Track_172,172,14,0,0,0,0,0,13,164,177,2.286,172,177.758,446.521,0,0.461,0.772,0.012,0.467,0.235,3.085,3.132,3.049,3.082,0.027
Track_173,173,7,0,0,0,0,0,6,166,172,0.497,173,10.269,240.618,0,0.586,0.803,0.311,0.643,0.189,1.768,1.812,1.738,1.765,0.024
Track_174,174,2,0,0,0,0,0,1,157,158,0.613,174,322.575,103.248,0,0.613,0.613,0.613,0.613,NaN,2.650,2.660,2.640,2.660,0.010
Track_175,175,27,0,0,0,0,0,26,167,193,5.418,175,267.143,380.091,0,0.832,2.186,0.081,0.897,0.484,3.195,3.267,3.034,3.207,0.054
Track_176,176,423,0,0,0,0,0,422,172,594,9.723,176,139.596,143.937,0,0.468,1.618,0.015,0.434,0.291,2.245,2.683,1.743,2.266,0.177
Track_177,177,33,0,0,0,0,0,32,175,207,3.000,177,189.273,491.000,0,0.344,1.000,0.000,0.000,0.483,2.483,2.841,1.829,2.482,0.236
Track_178,178,4,0,0,0,0,0,3,179,182,0.000,178,477.000,253.000,0,0.000,0.000,0.000,0.000,0.000,1.819,1.840,1.802,1.832,0.017
Track_179,179,17,0,0,0,0,0,16,183,199,1.641,179,308.910,230.434,0,0.649,1.192,0.165,0.595,0.311,2.714,2.975,2.512,2.657,0.152
Track_180,180,4,0,0,0,0,0,3,185,188,2.031,180,377.903,472.026,0,0.857,1.500,0.259,0.812,0.622,1.760,1.795,1.734,1.764,0.023
Track_181,181,123,1,1,0,0,0,123,191,314,3.117,181,444.401,99.167,0,0.477,1.190,0.038,0.453,0.260,1.958,2.396,1.753,1.954,0.124
Track_182,182,9,0,0,0,0,0,8,196,204,3.000,182,477.000,252.333,0,0.375,1.000,0.000,0.000,0.518,1.992,2.247,1.792,1.894,0.169
Track_183,183,3,0,0,0,0,0,2,198,200,1.033,183,445.644,65.955,0,0.542,0.995,0.089,0.995,0.641,1.778,1.791,1.769,1.775,0.009
Track_184,184,2,0,0,0,0,0,1,200,201,0.262,184,226.693,373.658,0,0.262,0.262,0.262,0.262,NaN,1.743,1.750,1.736,1.750,0.007
Track_185,185,2,0,0,0,0,0,1,200,201,0.402,185,374.670,471.614,0,0.402,0.402,0.402,0.402,NaN,1.751,1.760,1.742,1.760,0.009
Track_186,186,3,0,0,0,0,0,2,202,204,0.394,186,443.326,68.050,0,0.239,0.240,0.238,0.240,0.001,1.779,1.792,1.772,1.773,0.009
Track_187,187,3,0,0,0,0,0,2,202,204,3.487,187,329.536,116.447,0,2.135,2.517,1.752,2.517,0.541,1.839,1.938,1.761,1.817,0.074
Track_188,188,2,0,0,0,0,0,1,206,207,1.173,188,306.165,229.120,0,1.173,1.173,1.173,1.173,NaN,2.095,2.101,2.088,2.101,0.006
Track_189,189,6,0,0,0,0,0,5,207,212,5.873,189,327.787,113.710,0,2.823,6.942,0.965,2.037,2.480,1.861,2.059,1.743,1.851,0.120
Track_190,190,19,1,1,0,0,0,19,208,227,2.500,190,444.989,67.869,0,0.847,2.242,0.104,0.753,0.526,1.877,1.993,1.747,1.887,0.080
Track_191,191,43,1,1,0,0,0,43,210,253,2.000,191,47.070,491.000,0,0.381,1.000,0.000,0.000,0.492,1.889,2.054,1.737,1.890,0.080
Track_192,192,8,0,0,0,0,0,7,215,222,1.000,192,187.875,491.000,0,0.714,2.000,0.000,1.000,0.756,1.987,2.144,1.782,2.045,0.118
Track_193,193,15,0,0,0,0,0,14,217,231,1.082,193,40.750,157.832,0,0.417,0.942,0.034,0.464,0.268,1.854,1.985,1.742,1.859,0.073
Track_194,194,64,0,0,0,0,0,63,218,281,7.384,194,326.910,116.091,0,1.459,10.562,0.061,0.980,1.625,2.915,3.580,2.217,2.959,0.360
Track_195,195,4,0,0,0,0,0,3,223,226,1.493,195,400.921,229.288,0,3.111,3.948,2.145,3.239,0.909,1.927,1.994,1.873,1.938,0.045
Track_196,196,4,0,0,0,0,0,3,225,228,0.614,196,270.966,376.162,0,0.787,1.478,0.143,0.740,0.668,3.314,3.340,3.277,3.334,0.025
Track_197,197,15,1,1,0,0,0,15,227,242,1.684,197,176.252,441.597,0,0.994,2.766,0.159,0.712,0.869,3.117,3.182,3.006,3.137,0.055
Track_198,198,3,0,0,0,0,0,2,232,234,1.252,198,373.216,468.893,0,1.408,2.023,0.792,2.023,0.870,1.793,1.828,1.766,1.784,0.026
Track_199,199,8,0,0,0,0,0,7,237,244,2.353,199,459.900,122.840,0,0.512,1.121,0.043,0.397,0.344,1.863,1.969,1.759,1.912,0.072
Track_200,200,36,0,0,0,0,0,35,241,276,4.884,200,304.359,227.514,0,0.877,2.063,0.181,0.809,0.472,2.711,3.227,1.762,2.739,0.354
Track_201,201,7,0,0,0,0,0,6,241,247,0.111,201,11.518,237.791,0,0.493,0.919,0.156,0.486,0.291,1.804,1.866,1.773,1.794,0.027
Track_202,202,40,0,0,0,0,0,39,243,282,2.738,202,375.025,467.012,0,0.758,2.165,0.017,0.646,0.486,1.877,2.020,1.734,1.892,0.081
Track_203,203,7,0,0,0,0,0,6,248,254,1.524,203,393.344,225.435,0,0.613,0.859,0.500,0.621,0.137,1.790,1.852,1.735,1.792,0.044
Track_204,204,8,0,0,0,0,0,7,250,257,2.179,204,40.181,159.575,0,0.564,1.460,0.286,0.403,0.411,1.792,1.864,1.739,1.784,0.040
Track_205,205,7,0,0,0,0,0,6,250,256,0.428,205,12.056,237.336,0,0.530,0.953,0.026,0.578,0.355,1.836,1.965,1.743,1.815,0.072
Track_206,206,31,0,0,0,0,0,30,253,283,1.597,206,50.192,468.485,0,0.876,1.770,0.036,0.873,0.528,1.927,2.149,1.741,1.935,0.127
Track_207,207,9,0,0,0,0,0,8,259,267,1.302,207,392.436,226.965,0,0.922,2.518,0.123,0.965,0.768,1.832,1.956,1.740,1.808,0.075
Track_208,208,3,0,0,0,0,0,2,265,267,1.000,208,191.667,491.000,0,0.500,1.000,0.000,1.000,0.707,1.880,2.010,1.781,1.849,0.096
Track_209,209,14,0,0,0,0,0,13,267,280,5.193,209,179.056,444.154,0,1.305,4.690,0.191,0.755,1.177,3.071,3.131,3.019,3.060,0.035
Track_210,210,2,0,0,0,0,0,1,270,271,0.849,210,393.821,227.728,0,0.849,0.849,0.849,0.849,NaN,1.780,1.782,1.779,1.782,0.002
Track_211,211,4,1,1,0,0,0,4,274,278,0.956,211,458.847,129.325,0,0.645,1.258,0.209,0.468,0.546,1.742,1.749,1.735,1.745,0.005
Track_212,212,5,1,1,0,0,0,5,275,280,2.560,212,394.436,226.477,0,0.831,1.171,0.378,1.126,0.384,1.786,1.826,1.745,1.798,0.029
Track_213,213,17,0,0,0,0,0,16,279,295,2.873,213,41.118,158.101,0,0.475,0.908,0.046,0.525,0.293,1.814,1.909,1.742,1.802,0.047
Track_214,214,18,0,0,0,0,0,17,279,296,3.635,214,178.294,440.852,0,0.767,2.246,0.171,0.603,0.499,2.994,3.074,2.925,2.991,0.046
Track_215,215,2,0,0,0,0,0,1,279,280,1.079,215,179.354,442.704,0,1.079,1.079,1.079,1.079,NaN,3.044,3.052,3.035,3.052,0.008
Track_216,216,31,3,1,0,0,0,33,280,313,2.036,216,303.609,226.348,0,0.681,2.183,0.128,0.600,0.494,3.015,3.213,2.803,3.009,0.092
Track_217,217,8,0,0,0,0,0,7,281,288,1.220,217,455.858,131.455,0,0.746,1.266,0.377,0.665,0.336,1.794,1.883,1.749,1.773,0.047
Track_218,218,36,0,0,0,0,0,35,284,319,2.995,218,393.082,225.327,0,0.770,1.675,0.155,0.641,0.461,1.875,2.039,1.735,1.880,0.075
Track_219,219,15,0,0,0,0,0,14,284,298,2.000,219,47.333,491.000,0,0.429,1.000,0.000,0.000,0.514,1.828,1.918,1.741,1.844,0.053
Track_220,220,5,0,0,0,0,0,4,284,288,0.000,220,194.000,491.000,0,0.000,0.000,0.000,0.000,0.000,1.920,2.012,1.780,1.928,0.086
Track_221,221,42,0,0,0,0,0,41,288,329,2.000,221,50.024,0.000,0,0.293,1.000,0.000,0.000,0.461,1.969,2.277,1.802,1.918,0.131
Track_222,222,289,1,1,0,0,0,289,290,579,10.731,222,325.776,123.560,0,1.108,6.349,0.074,0.907,0.926,3.125,4.102,1.854,3.145,0.484
Track_223,223,7,0,0,0,0,0,6,291,297,1.350,223,11.860,234.675,0,0.371,0.905,0.053,0.262,0.345,1.816,1.861,1.774,1.807,0.031
Track_224,224,1144,0,0,0,0,0,1143,295,1438,4.092,224,188.885,445.568,0,0.687,3.221,0.008,0.653,0.439,3.342,3.725,2.940,3.328,0.139
Track_225,225,2,0,0,0,0,0,1,298,299,0.672,225,42.960,157.733,0,0.672,0.672,0.672,0.672,NaN,1.747,1.755,1.740,1.755,0.007
Track_226,226,15,1,1,0,0,0,15,299,314,5.170,226,50.548,469.833,0,0.767,1.464,0.250,0.591,0.470,1.835,1.903,1.773,1.836,0.039
Track_227,227,23,0,0,0,0,0,22,304,326,1.443,227,42.031,157.075,0,0.502,1.445,0.078,0.466,0.346,1.931,2.077,1.747,1.928,0.080
Track_228,228,103,1,1,0,0,0,103,307,410,5.229,228,137.760,395.280,0,0.888,3.275,0.046,0.810,0.604,2.074,2.481,1.765,1.983,0.223
Track_229,229,11,0,0,0,0,0,10,316,326,0.000,229,0.000,234.636,0,0.200,1.000,0.000,0.000,0.422,1.819,1.920,1.744,1.804,0.056
Track_230,230,5,0,0,0,0,0,4,317,321,1.599,230,50.438,475.341,0,0.702,1.155,0.263,0.807,0.376,1.757,1.780,1.738,1.756,0.016
Track_231,231,6,0,0,0,0,0,5,319,324,0.606,231,158.650,372.551,0,0.579,0.853,0.135,0.714,0.325,1.808,1.842,1.772,1.807,0.025
Track_232,232,15,0,0,0,0,0,14,322,336,4.508,232,308.332,226.228,0,1.068,3.124,0.206,0.865,0.930,3.164,3.286,2.958,3.173,0.111
Track_233,233,36,0,0,0,0,0,35,324,359,5.627,233,51.881,473.766,0,0.840,2.115,0.056,0.845,0.517,2.004,2.213,1.766,2.036,0.123
Track_234,234,3,0,0,0,0,0,2,326,328,0.852,234,461.568,124.125,0,0.840,1.096,0.585,1.096,0.361,1.778,1.798,1.753,1.781,0.019
Track_235,235,2,0,0,0,0,0,1,327,328,0.102,235,396.526,224.887,0,0.102,0.102,0.102,0.102,NaN,1.752,1.766,1.738,1.766,0.014
Track_236,236,95,2,1,0,0,0,96,330,426,3.000,236,0.000,232.442,0,0.287,1.000,0.000,0.000,0.455,1.856,1.985,1.737,1.858,0.063
Track_237,237,11,0,0,0,0,0,10,332,342,1.935,237,376.204,467.857,0,0.697,1.467,0.201,0.673,0.408,1.826,1.885,1.743,1.832,0.042
Track_238,238,78,2,1,0,0,0,79,332,411,2.000,238,51.295,0.000,0,0.409,2.000,0.000,0.000,0.518,2.264,2.691,1.733,2.334,0.256
Track_239,239,1239,0,0,0,0,0,1238,335,1573,14.324,239,304.033,215.466,0,0.710,7.662,0.020,0.651,0.453,2.541,3.321,1.796,2.544,0.375
Track_240,240,11,0,0,0,0,0,10,336,346,3.394,240,402.653,227.736,0,0.747,1.435,0.252,0.748,0.350,1.924,2.051,1.741,1.955,0.092
Track_241,241,49,0,0,0,0,0,48,339,387,7.937,241,443.420,69.370,0,0.733,2.497,0.042,0.671,0.453,2.088,2.335,1.747,2.115,0.147
Track_242,242,2,0,0,0,0,0,1,341,342,0.623,242,445.728,99.760,0,0.623,0.623,0.623,0.623,NaN,1.761,1.785,1.736,1.785,0.024
Track_243,243,309,1,1,0,0,0,309,341,650,5.087,243,458.726,125.473,0,0.537,2.366,0.025,0.510,0.351,2.601,3.408,1.766,2.682,0.413
Track_244,244,757,0,0,0,0,0,756,341,1097,28.878,244,129.927,396.976,0,0.608,2.142,0.013,0.562,0.356,2.615,3.292,1.738,2.638,0.356
Track_245,245,12,0,0,0,0,0,11,341,352,1.000,245,477.000,434.167,0,0.091,1.000,0.000,0.000,0.302,2.274,2.684,1.786,2.274,0.346
Track_246,246,14,1,1,0,0,0,14,344,358,2.000,246,100.571,0.000,0,0.462,1.000,0.000,0.000,0.519,1.905,2.174,1.747,1.858,0.114
Track_247,247,15,0,0,0,0,0,14,345,359,4.306,247,312.404,222.484,0,1.174,2.667,0.170,1.173,0.735,2.960,3.079,2.777,3.000,0.091
Track_248,248,5,0,0,0,0,0,4,349,353,1.516,248,157.038,368.487,0,0.542,1.134,0.180,0.614,0.440,1.783,1.848,1.736,1.776,0.039
Track_249,249,44,0,0,0,0,0,43,353,396,5.374,249,377.343,469.878,0,0.921,3.291,0.142,0.797,0.627,1.810,1.872,1.750,1.812,0.028
Track_250,250,3,0,0,0,0,0,2,359,361,1.000,250,477.000,434.667,0,0.500,1.000,0.000,1.000,0.707,1.955,2.074,1.832,1.961,0.099
Track_251,251,16,0,0,0,0,0,15,362,377,1.000,251,102.250,0.000,0,0.733,2.000,0.000,1.000,0.594,1.930,2.209,1.775,1.960,0.104
Track_252,252,8,1,1,0,0,0,8,363,371,2.503,252,312.791,221.807,0,0.654,1.228,0.264,0.414,0.417,2.717,2.824,2.596,2.727,0.078
Track_253,253,1525,0,0,0,0,0,1524,365,1889,3.000,253,477.000,433.955,0,0.310,2.000,0.000,0.000,0.467,3.480,4.201,1.755,3.514,0.426
Track_254,254,12,0,0,0,0,0,11,374,385,3.903,254,51.354,468.275,0,1.060,2.158,0.390,1.024,0.596,1.949,2.221,1.766,1.903,0.156
Track_255,255,3,0,0,0,0,0,2,377,379,0.495,255,308.694,217.029,0,0.429,0.543,0.314,0.543,0.162,2.676,2.694,2.665,2.669,0.013
Track_256,256,39,0,0,0,0,0,38,386,424,2.000,256,101.821,0.000,0,0.421,1.000,0.000,0.000,0.500,2.189,2.455,1.770,2.198,0.164
Track_257,257,2,0,0,0,0,0,1,390,391,0.676,257,49.883,469.410,0,0.676,0.676,0.676,0.676,NaN,1.804,1.819,1.788,1.819,0.015
Track_258,258,12,0,0,0,0,0,11,390,401,1.448,258,442.038,70.171,0,0.604,1.421,0.167,0.592,0.401,1.773,1.804,1.735,1.781,0.021
Track_259,259,5,0,0,0,0,0,4,399,403,1.648,259,51.874,469.483,0,0.788,1.352,0.215,0.942,0.480,1.792,1.809,1.765,1.797,0.017
Track_260,260,3,0,0,0,0,0,2,402,404,0.944,260,377.069,471.502,0,0.472,0.519,0.426,0.519,0.066,1.760,1.780,1.742,1.758,0.016
Track_261,261,2,0,0,0,0,0,1,396,397,0.000,261,477.000,249.000,0,0.000,0.000,0.000,0.000,NaN,1.758,1.760,1.757,1.760,0.002
Track_262,262,31,0,0,0,0,0,30,407,437,1.378,262,410.767,48.974,0,0.559,1.237,0.113,0.490,0.295,1.941,2.222,1.740,1.907,0.155
Track_263,263,204,1,1,0,0,0,204,408,612,4.987,263,54.811,467.114,0,0.738,2.443,0.026,0.698,0.437,2.262,2.766,1.749,2.202,0.283
Track_264,264,2,0,0,0,0,0,1,414,415,0.000,264,477.000,250.000,0,0.000,0.000,0.000,0.000,NaN,1.917,2.017,1.817,2.017,0.100
Track_265,265,12,0,0,0,0,0,11,419,430,2.109,265,208.311,276.679,0,0.981,1.989,0.133,0.974,0.606,3.270,3.319,3.219,3.266,0.025
Track_266,266,14,0,0,0,0,0,13,420,433,0.000,266,477.000,249.571,0,0.308,1.000,0.000,0.000,0.480,2.073,2.414,1.759,2.014,0.225
Track_267,267,81,2,1,0,0,0,82,425,507,1.473,267,376.963,470.981,0,0.868,2.727,0.071,0.803,0.495,1.815,1.992,1.734,1.802,0.063
Track_268,268,2,0,0,0,0,0,1,420,421,1.000,268,52.500,0.000,0,1.000,1.000,1.000,1.000,NaN,1.849,1.866,1.833,1.866,0.017
Track_269,269,68,0,0,0,0,0,67,430,497,2.238,269,401.435,244.837,0,0.717,3.720,0.078,0.614,0.549,2.542,2.815,2.054,2.565,0.153
Track_270,270,2,0,0,0,0,0,1,435,436,0.000,270,103.000,0.000,0,0.000,0.000,0.000,0.000,NaN,1.766,1.769,1.764,1.769,0.003
Track_271,271,5,0,0,0,0,0,4,439,443,3.000,271,105.200,0.000,0,0.750,1.000,0.000,1.000,0.500,2.013,2.185,1.847,2.076,0.135
Track_272,272,128,0,0,0,0,0,127,441,568,2.229,272,411.381,47.909,0,0.574,1.910,0.022,0.528,0.363,1.967,2.283,1.754,1.961,0.131
Track_273,273,3,0,0,0,0,0,2,443,445,1.000,273,477.000,248.333,0,0.500,1.000,0.000,1.000,0.707,1.948,2.091,1.758,1.994,0.140
Track_274,274,2,0,0,0,0,0,1,438,439,1.081,274,210.442,276.689,0,1.081,1.081,1.081,1.081,NaN,3.246,3.265,3.227,3.265,0.019
Track_275,275,4,0,0,0,0,0,3,447,450,0.000,275,104.250,0.000,0,0.667,1.000,0.000,1.000,0.577,1.859,1.897,1.817,1.885,0.033
Track_276,276,2,0,0,0,0,0,1,454,455,0.000,276,103.000,0.000,0,0.000,0.000,0.000,0.000,NaN,1.932,1.940,1.925,1.940,0.008
Track_277,277,12,0,0,0,0,0,11,457,468,1.360,277,22.879,438.250,0,0.586,0.938,0.181,0.530,0.277,1.783,1.818,1.753,1.777,0.018
Track_278,278,1121,0,0,0,0,0,1120,458,1578,17.770,278,179.031,347.927,0,0.784,6.418,0.017,0.668,0.554,3.328,3.889,2.934,3.293,0.211
Track_279,279,754,0,0,0,0,0,753,459,1212,15.553,279,204.704,294.514,0,0.625,2.232,0.031,0.587,0.374,3.175,3.486,2.891,3.158,0.128
Track_280,280,3,0,0,0,0,0,2,463,465,1.000,280,106.333,0.000,0,0.500,1.000,0.000,1.000,0.707,1.910,2.032,1.739,1.961,0.125
Track_281,281,6,0,0,0,0,0,5,464,469,2.311,281,190.464,337.815,0,0.748,1.539,0.112,0.677,0.513,2.975,3.010,2.939,2.973,0.022
Track_282,282,7,0,0,0,0,0,6,465,471,2.392,282,391.858,229.248,0,0.999,1.994,0.330,1.007,0.596,2.212,2.231,2.188,2.215,0.012
Track_283,283,4,0,0,0,0,0,3,470,473,1.000,283,54.750,0.000,0,0.333,1.000,0.000,0.000,0.577,1.895,2.046,1.751,1.980,0.122
Track_284,284,2,0,0,0,0,0,1,473,474,3.734,284,395.713,231.618,0,3.734,3.734,3.734,3.734,NaN,2.222,2.239,2.205,2.239,0.017
Track_285,285,1416,1,1,0,0,0,1416,473,1889,12.725,285,396.802,239.627,0,0.575,3.868,0.008,0.541,0.361,2.986,3.397,2.207,2.988,0.169
Track_286,286,2,0,0,0,0,0,1,473,474,0.491,286,228.307,373.795,0,0.491,0.491,0.491,0.491,NaN,1.741,1.748,1.734,1.748,0.007
Track_287,287,7,0,0,0,0,0,6,475,481,1.000,287,104.286,0.000,0,0.500,1.000,0.000,1.000,0.548,1.883,2.052,1.765,1.862,0.101
Track_288,288,2,0,0,0,0,0,1,475,476,0.000,288,0.000,155.000,0,0.000,0.000,0.000,0.000,NaN,1.739,1.744,1.734,1.744,0.005
Track_289,289,3,0,0,0,0,0,2,475,477,0.688,289,3.296,230.183,0,0.509,0.536,0.482,0.536,0.039,1.755,1.766,1.736,1.761,0.013
Track_290,290,12,0,0,0,0,0,11,478,489,4.209,290,22.655,437.859,0,0.858,1.377,0.265,0.869,0.341,1.781,1.837,1.738,1.788,0.028
Track_291,291,166,0,0,0,0,0,165,479,644,4.000,291,0.000,163.199,0,0.558,2.000,0.000,1.000,0.598,2.776,3.703,1.746,2.780,0.427
Track_292,292,2,0,0,0,0,0,1,479,480,0.837,292,6.986,229.260,0,0.837,0.837,0.837,0.837,NaN,1.748,1.752,1.745,1.752,0.004
Track_293,293,23,1,1,0,0,0,23,480,503,1.967,293,16.673,412.307,0,0.593,1.176,0.057,0.570,0.369,1.981,2.086,1.862,1.990,0.054
Track_294,294,6,0,0,0,0,0,5,482,487,2.000,294,55.500,0.000,0,0.400,1.000,0.000,0.000,0.548,1.970,2.098,1.840,2.005,0.081
Track_295,295,84,0,0,0,0,0,83,486,569,8.706,295,4.485,232.208,0,0.529,3.616,0.000,0.364,0.622,1.926,2.169,1.775,1.919,0.099
Track_296,296,10,0,0,0,0,0,9,485,494,0.000,296,192.800,491.000,0,0.444,1.000,0.000,0.000,0.527,1.876,1.948,1.756,1.916,0.071
Track_297,297,3,0,0,0,0,0,2,487,489,1.000,297,105.667,0.000,0,0.500,1.000,0.000,1.000,0.707,1.784,1.872,1.740,1.740,0.062
Track_298,298,44,0,0,0,0,0,43,488,531,3.000,298,38.068,491.000,0,0.349,1.000,0.000,0.000,0.482,2.037,2.386,1.739,1.959,0.207
Track_299,299,9,1,1,0,0,0,9,494,503,0.000,299,104.222,0.000,0,0.500,1.000,0.000,1.000,0.535,1.850,2.021,1.746,1.817,0.080
Track_300,300,12,0,0,0,0,0,11,498,509,0.000,300,477.000,247.917,0,0.182,1.000,0.000,0.000,0.405,1.878,1.976,1.769,1.889,0.071
Track_301,301,8,1,1,0,0,0,8,499,507,2.833,301,80.721,435.734,0,1.154,2.164,0.151,0.968,0.792,3.243,3.367,3.144,3.242,0.062
Track_302,302,1389,1,1,0,0,0,1389,500,1889,32.657,302,85.304,420.362,0,0.653,3.352,0.025,0.605,0.386,3.314,3.774,3.007,3.297,0.154
Track_303,303,3,0,0,0,0,0,2,510,512,0.160,303,377.808,471.613,0,0.383,0.388,0.378,0.388,0.008,1.740,1.743,1.735,1.742,0.004
Track_304,304,2,0,0,0,0,0,1,508,509,1.931,304,17.312,413.192,0,1.931,1.931,1.931,1.931,NaN,1.983,2.034,1.931,2.034,0.051
Track_305,305,6,0,0,0,0,0,5,514,519,0.885,305,15.348,414.665,0,0.906,1.506,0.127,0.945,0.550,1.920,1.948,1.886,1.926,0.021
Track_306,306,17,0,0,0,0,0,16,517,533,2.003,306,23.761,438.014,0,0.658,1.443,0.133,0.631,0.405,1.831,1.907,1.750,1.838,0.044
Track_307,307,6,0,0,0,0,0,5,515,520,1.000,307,477.000,248.833,0,0.200,1.000,0.000,0.000,0.447,1.864,2.059,1.789,1.846,0.091
Track_308,308,80,1,1,0,0,0,80,519,599,2.538,308,206.877,275.277,0,0.597,1.691,0.046,0.573,0.347,2.733,2.839,2.567,2.749,0.070
Track_309,309,14,0,0,0,0,0,13,521,534,0.728,309,48.437,153.917,0,0.444,0.803,0.107,0.473,0.220,1.823,1.875,1.747,1.840,0.040
Track_310,310,32,1,1,0,0,0,32,522,554,3.470,310,376.897,473.608,0,0.811,2.402,0.011,0.710,0.563,1.784,1.844,1.738,1.787,0.028
Track_311,311,10,0,0,0,0,0,9,542,551,1.405,311,18.817,413.581,0,0.884,1.454,0.179,0.935,0.391,2.024,2.065,1.953,2.028,0.035
Track_312,312,16,1,1,0,0,0,16,550,566,1.286,312,27.579,438.712,0,0.580,1.184,0.147,0.619,0.301,1.767,1.792,1.736,1.765,0.017
Track_313,313,57,2,1,0,0,0,58,551,609,4.000,313,191.333,491.000,0,0.491,2.000,0.000,0.000,0.568,1.962,2.339,1.750,1.910,0.176
Track_314,314,104,1,1,0,0,0,104,559,663,7.985,314,264.701,379.691,0,0.769,1.852,0.145,0.779,0.402,3.385,3.474,3.305,3.381,0.042
Track_315,315,51,0,0,0,0,0,50,561,611,3.039,315,377.640,472.139,0,1.055,2.660,0.231,0.905,0.625,1.812,1.888,1.736,1.822,0.042
Track_316,316,2,0,0,0,0,0,1,562,563,0.163,316,443.775,101.707,0,0.163,0.163,0.163,0.163,NaN,1.762,1.772,1.752,1.772,0.010
Track_317,317,7,0,0,0,0,0,6,569,575,0.000,317,0.000,470.714,0,0.333,1.000,0.000,0.000,0.516,1.909,2.069,1.733,1.921,0.102
Track_318,318,9,0,0,0,0,0,8,571,579,2.796,318,411.355,48.272,0,0.732,1.128,0.207,0.720,0.296,1.806,1.902,1.740,1.793,0.054
Track_319,319,45,0,0,0,0,0,44,573,617,2.000,319,0.000,232.556,0,0.409,1.000,0.000,0.000,0.497,1.895,2.094,1.747,1.891,0.074
Track_320,320,2,0,0,0,0,0,1,565,566,1.000,320,0.000,470.500,0,1.000,1.000,1.000,1.000,NaN,1.809,1.863,1.754,1.863,0.054
Track_321,321,9,0,0,0,0,0,8,575,583,0.714,321,48.875,153.449,0,0.435,0.842,0.072,0.344,0.274,1.806,1.827,1.762,1.808,0.020
Track_322,322,3,0,0,0,0,0,2,579,581,1.072,322,26.853,439.254,0,0.537,0.653,0.420,0.653,0.164,1.747,1.756,1.739,1.746,0.007
Track_323,323,56,0,0,0,0,0,55,582,637,8.374,323,323.085,126.618,0,0.992,2.428,0.201,0.872,0.576,2.254,2.793,1.842,2.145,0.289
Track_324,324,170,2,1,0,0,0,171,585,756,2.884,324,17.883,410.899,0,0.588,1.696,0.026,0.591,0.347,2.089,2.230,1.830,2.131,0.099
Track_325,325,6,1,1,0,0,0,6,585,591,1.444,325,410.619,48.958,0,0.509,0.725,0.251,0.527,0.196,1.759,1.816,1.734,1.746,0.028
Track_326,326,3,0,0,0,0,0,2,587,589,0.728,326,48.536,153.150,0,0.795,1.156,0.435,1.156,0.510,1.804,1.852,1.754,1.805,0.040
Track_327,327,8,0,0,0,0,0,7,588,595,0.000,327,477.000,250.625,0,0.571,1.000,0.000,1.000,0.535,1.973,2.045,1.905,2.016,0.060
Track_328,328,45,0,0,0,0,0,44,594,638,2.168,328,409.176,47.711,0,0.581,1.879,0.055,0.526,0.363,1.841,1.991,1.734,1.831,0.061
Track_329,329,5,0,0,0,0,0,4,594,598,1.437,329,47.526,153.224,0,0.661,1.523,0.195,0.606,0.600,1.858,1.966,1.781,1.819,0.076
Track_330,330,61,0,0,0,0,0,60,598,658,5.899,330,140.808,135.871,0,0.424,1.506,0.083,0.323,0.290,1.949,2.145,1.745,1.958,0.103
Track_331,331,362,0,0,0,0,0,361,602,963,19.167,331,199.731,280.160,0,0.663,2.096,0.030,0.606,0.377,2.721,2.979,2.410,2.724,0.102
Track_332,332,1281,0,0,0,0,0,1280,609,1889,7.914,332,37.370,489.774,0,0.440,4.081,0.000,0.000,0.594,2.479,3.073,1.755,2.516,0.247
Track_333,333,6,0,0,0,0,0,5,614,619,1.000,333,0.000,467.333,0,0.200,1.000,0.000,0.000,0.447,1.888,2.010,1.753,1.980,0.109
Track_334,334,1274,2,1,0,0,0,1275,614,1889,27.002,334,193.330,484.007,0,0.546,5.211,0.000,0.457,0.613,2.443,3.268,1.781,2.455,0.293
Track_335,335,2,0,0,0,0,0,1,617,618,1.000,335,477.000,248.500,0,1.000,1.000,1.000,1.000,NaN,1.761,1.763,1.758,1.763,0.003
Track_336,336,13,1,1,0,0,0,13,624,637,0.000,336,0.000,229.462,0,0.167,1.000,0.000,0.000,0.389,1.791,1.811,1.761,1.798,0.016
Track_337,337,59,1,1,0,0,0,59,626,685,4.958,337,46.444,148.605,0,0.497,1.032,0.039,0.481,0.225,1.947,2.159,1.736,1.967,0.113
Track_338,338,195,0,0,0,0,0,194,627,821,2.183,338,50.769,463.684,0,0.676,1.772,0.077,0.651,0.366,2.186,2.570,1.751,2.207,0.204
Track_339,339,4,0,0,0,0,0,3,643,646,1.643,339,185.489,374.616,0,0.924,1.642,0.562,0.569,0.622,1.758,1.783,1.734,1.761,0.018
Track_340,340,27,1,1,0,0,0,27,645,672,4.526,340,412.777,47.087,0,0.526,1.195,0.143,0.483,0.260,1.792,1.862,1.734,1.783,0.032
Track_341,341,9,0,0,0,0,0,8,647,655,1.000,341,0.000,224.778,0,0.375,1.000,0.000,0.000,0.518,1.788,1.891,1.750,1.780,0.041
Track_342,342,646,1,1,0,0,0,646,647,1293,0.000,342,0.000,162.094,0,0.450,3.000,0.000,0.000,0.534,3.143,4.009,1.736,3.211,0.512
Track_343,343,18,0,0,0,0,0,17,649,666,3.000,343,477.000,252.222,0,0.412,1.000,0.000,0.000,0.507,2.157,2.599,1.734,2.166,0.315
Track_344,344,43,0,0,0,0,0,42,656,698,5.161,344,209.411,0.335,0,0.886,3.721,0.000,1.000,1.037,2.724,2.843,2.606,2.730,0.070
Track_345,345,15,0,0,0,0,0,14,662,676,1.453,345,458.766,124.713,0,0.344,0.689,0.055,0.307,0.205,1.958,2.098,1.801,1.983,0.087
Track_346,346,3,0,0,0,0,0,2,662,664,0.974,346,94.353,172.392,0,0.605,0.996,0.214,0.996,0.553,1.764,1.775,1.750,1.768,0.010
Track_347,347,4,0,0,0,0,0,3,666,669,0.000,347,0.000,226.500,0,0.667,1.000,0.000,1.000,0.577,1.814,1.857,1.790,1.815,0.026
Track_348,348,5,0,0,0,0,0,4,668,672,2.087,348,270.736,378.357,0,1.025,2.600,0.364,0.593,1.055,3.408,3.449,3.380,3.400,0.023
Track_349,349,4,0,0,0,0,0,3,668,671,0.043,349,140.725,133.487,0,0.613,0.907,0.069,0.863,0.472,1.772,1.822,1.746,1.767,0.030
Track_350,350,24,1,1,0,0,0,24,672,696,0.668,350,94.192,171.848,0,0.357,1.192,0.020,0.279,0.271,1.811,1.875,1.755,1.818,0.031
Track_351,351,3,0,0,0,0,0,2,677,679,1.083,351,413.930,46.375,0,1.068,1.109,1.027,1.109,0.058,1.784,1.793,1.780,1.780,0.006
Track_352,352,15,1,1,0,0,0,15,679,694,3.049,352,375.422,473.237,0,0.577,1.196,0.049,0.572,0.370,1.765,1.797,1.738,1.760,0.018
Track_353,353,1211,0,0,0,0,0,1210,679,1889,4.740,353,457.660,126.063,0,0.554,1.644,0.009,0.549,0.310,2.535,3.186,1.759,2.550,0.286
Track_354,354,6,0,0,0,0,0,5,680,685,1.000,354,0.000,225.833,0,0.200,1.000,0.000,0.000,0.447,1.790,1.902,1.752,1.781,0.051
Track_355,355,17,1,1,0,0,0,17,687,704,3.346,355,414.570,43.928,0,0.717,2.218,0.087,0.691,0.526,1.833,1.973,1.752,1.802,0.074
Track_356,356,43,0,0,0,0,0,42,689,731,4.087,356,47.779,148.932,0,0.505,1.532,0.004,0.525,0.318,1.842,2.061,1.735,1.821,0.094
Track_357,357,2,0,0,0,0,0,1,691,692,1.048,357,444.831,65.084,0,1.048,1.048,1.048,1.048,NaN,1.837,1.863,1.811,1.863,0.026
Track_358,358,25,0,0,0,0,0,24,691,715,3.656,358,444.917,96.827,0,0.587,1.096,0.131,0.592,0.263,1.861,1.990,1.743,1.855,0.070
Track_359,359,10,1,1,0,0,0,10,690,700,1.000,359,0.000,225.000,0,0.333,1.000,0.000,0.000,0.500,1.801,1.887,1.742,1.818,0.048
Track_360,360,49,0,0,0,0,0,48,695,743,7.028,360,321.802,131.087,0,1.368,5.609,0.103,1.123,1.017,2.005,2.239,1.780,1.996,0.114
Track_361,361,21,0,0,0,0,0,20,698,718,2.669,361,209.508,3.696,0,1.862,5.360,0.000,1.557,1.467,2.582,2.700,2.487,2.563,0.061
Track_362,362,31,1,1,0,0,0,31,700,731,3.006,362,375.741,474.815,0,0.647,2.542,0.159,0.597,0.526,1.776,1.843,1.735,1.766,0.030
Track_363,363,21,0,0,0,0,0,20,702,722,0.338,363,445.624,64.461,0,0.923,1.868,0.142,0.871,0.519,1.870,1.971,1.759,1.885,0.053
Track_364,364,108,0,0,0,0,0,107,704,811,3.000,364,0.000,228.407,0,0.364,2.000,0.000,0.000,0.521,1.919,2.099,1.738,1.934,0.093
Track_365,365,5,0,0,0,0,0,4,705,709,0.000,365,477.000,253.000,0,0.000,0.000,0.000,0.000,0.000,1.893,2.004,1.747,1.908,0.102
Track_366,366,26,1,1,0,0,0,26,708,734,1.649,366,141.969,133.823,0,0.506,1.175,0.182,0.404,0.266,1.874,2.041,1.762,1.856,0.087
Track_367,367,13,0,0,0,0,0,12,711,723,1.370,367,415.238,43.843,0,0.536,1.147,0.087,0.502,0.285,1.807,1.900,1.742,1.802,0.044
Track_368,368,3,0,0,0,0,0,2,714,716,0.000,368,477.000,0.000,0,0.000,0.000,0.000,0.000,0.000,1.831,1.862,1.792,1.838,0.029
Track_369,369,2,0,0,0,0,0,1,701,702,0.000,369,477.000,253.000,0,0.000,0.000,0.000,0.000,NaN,1.804,1.869,1.740,1.869,0.065
Track_370,370,1114,0,0,0,0,0,1113,718,1831,5.924,370,203.456,0.108,0,0.562,5.336,0.000,0.000,0.680,3.063,3.779,1.950,3.082,0.422
Track_371,371,32,1,1,0,0,0,32,727,759,4.352,371,415.671,45.741,0,0.461,1.014,0.107,0.387,0.254,1.864,1.973,1.734,1.869,0.064
Track_372,372,6,2,1,0,0,0,7,732,739,1.000,372,477.000,252.000,0,0.300,1.000,0.000,0.000,0.447,1.791,1.906,1.736,1.772,0.055
Track_373,373,35,0,0,0,0,0,34,737,771,1.980,373,142.804,133.365,0,0.383,0.879,0.017,0.380,0.208,1.894,2.006,1.739,1.905,0.072
Track_374,374,69,0,0,0,0,0,68,740,808,1.641,374,376.758,473.107,0,0.770,1.805,0.067,0.711,0.431,1.870,1.959,1.744,1.867,0.050
Track_375,375,2,0,0,0,0,0,1,748,749,1.000,375,477.000,252.500,0,1.000,1.000,1.000,1.000,NaN,1.876,1.915,1.837,1.915,0.039
Track_376,376,54,0,0,0,0,0,53,750,803,7.000,376,180.963,0.000,0,0.698,3.000,0.000,1.000,0.723,1.923,2.184,1.759,1.935,0.090
Track_377,377,2,0,0,0,0,0,1,751,752,0.550,377,185.736,6.924,0,0.550,0.550,0.550,0.550,NaN,1.786,1.789,1.783,1.789,0.003
Track_378,378,107,0,0,0,0,0,106,754,860,3.774,378,326.080,128.422,0,1.176,3.371,0.070,1.045,0.686,2.507,3.537,1.735,2.408,0.362
Track_379,379,48,0,0,0,0,0,47,760,807,2.185,379,49.269,148.824,0,0.516,1.284,0.049,0.499,0.335,1.817,1.906,1.736,1.824,0.045
Track_380,380,8,0,0,0,0,0,7,762,769,1.467,380,415.188,46.564,0,0.623,0.910,0.288,0.572,0.207,1.774,1.813,1.736,1.774,0.029
Track_381,381,2,0,0,0,0,0,1,770,771,0.000,381,477.000,256.000,0,0.000,0.000,0.000,0.000,NaN,1.799,1.821,1.777,1.821,0.022
Track_382,382,2,0,0,0,0,0,1,774,775,1.574,382,415.373,47.082,0,1.574,1.574,1.574,1.574,NaN,1.752,1.761,1.743,1.761,0.009
Track_383,383,166,1,1,0,0,0,166,775,941,10.337,383,145.146,126.670,0,0.490,1.520,0.037,0.439,0.285,2.117,2.421,1.733,2.139,0.152
Track_384,384,2,0,0,0,0,0,1,775,776,0.000,384,477.000,254.000,0,0.000,0.000,0.000,0.000,NaN,1.854,1.872,1.837,1.872,0.018
Track_385,385,96,1,1,0,0,0,96,782,878,0.810,385,447.601,69.954,0,0.674,2.272,0.037,0.630,0.431,2.319,2.639,1.964,2.312,0.156
Track_386,386,2,0,0,0,0,0,1,783,784,0.214,386,114.779,149.835,0,0.214,0.214,0.214,0.214,NaN,1.740,1.745,1.735,1.745,0.005
Track_387,387,12,0,0,0,0,0,11,787,798,1.000,387,477.000,253.333,0,0.455,1.000,0.000,0.000,0.522,2.128,2.543,1.736,2.296,0.270
Track_388,388,7,0,0,0,0,0,6,798,804,0.379,388,60.405,60.758,0,0.519,0.888,0.203,0.480,0.246,1.757,1.798,1.738,1.749,0.021
Track_389,389,20,0,0,0,0,0,19,796,815,2.465,389,117.942,147.938,0,0.427,1.082,0.001,0.283,0.333,1.785,1.865,1.736,1.784,0.038
Track_390,390,2,0,0,0,0,0,1,806,807,2.000,390,186.000,0.000,0,2.000,2.000,2.000,2.000,NaN,2.214,2.262,2.166,2.262,0.048
Track_391,391,2,0,0,0,0,0,1,811,812,0.000,391,477.000,0.000,0,0.000,0.000,0.000,0.000,NaN,1.768,1.775,1.761,1.775,0.007
Track_392,392,21,0,0,0,0,0,20,816,836,1.397,392,375.364,473.690,0,0.675,1.511,0.077,0.698,0.373,1.798,1.832,1.761,1.803,0.021
Track_393,393,5,0,0,0,0,0,4,817,821,1.000,393,0.000,227.200,0,0.250,1.000,0.000,0.000,0.500,1.768,1.800,1.750,1.760,0.017
Track_394,394,2,0,0,0,0,0,1,819,820,1.000,394,477.000,254.500,0,1.000,1.000,1.000,1.000,NaN,1.835,1.881,1.789,1.881,0.046
Track_395,395,66,0,0,0,0,0,65,822,887,5.632,395,120.245,144.807,0,0.457,1.400,0.012,0.443,0.302,1.866,1.995,1.754,1.867,0.051
Track_396,396,9,0,0,0,0,0,8,827,835,0.753,396,51.201,144.544,0,0.498,0.802,0.283,0.515,0.174,1.785,1.868,1.734,1.780,0.038
Track_397,397,45,0,0,0,0,0,44,831,875,2.000,397,477.000,252.600,0,0.182,1.000,0.000,0.000,0.390,2.304,2.910,1.735,2.327,0.273
Track_398,398,24,0,0,0,0,0,23,836,859,2.435,398,62.428,58.030,0,0.410,0.871,0.008,0.413,0.262,1.789,1.854,1.743,1.788,0.030
Track_399,399,8,0,0,0,0,0,7,838,845,0.583,399,53.392,143.846,0,0.590,1.222,0.218,0.240,0.469,1.844,1.983,1.752,1.878,0.078
Track_400,400,20,1,1,0,0,0,20,842,862,0.729,400,377.025,470.828,0,0.656,1.394,0.116,0.704,0.283,1.783,1.866,1.737,1.785,0.038
Track_401,401,1040,0,0,0,0,0,1039,850,1889,21.832,401,60.837,458.258,0,0.667,2.095,0.009,0.627,0.390,2.552,3.018,1.792,2.578,0.244
Track_402,402,3,0,0,0,0,0,2,852,854,0.000,402,477.000,0.000,0,0.000,0.000,0.000,0.000,0.000,1.823,1.907,1.760,1.803,0.062
Track_403,403,20,1,1,0,0,0,20,860,880,1.008,403,51.180,143.231,0,0.567,1.517,0.085,0.466,0.413,1.893,1.965,1.763,1.922,0.068
Track_404,404,2,0,0,0,0,0,1,886,887,0.000,404,438.000,0.000,0,0.000,0.000,0.000,0.000,NaN,1.770,1.782,1.758,1.782,0.012
Track_405,405,4,0,0,0,0,0,3,888,891,0.000,405,477.000,254.000,0,0.000,0.000,0.000,0.000,0.000,1.850,1.921,1.777,1.911,0.067
Track_406,406,39,1,1,0,0,0,39,890,929,1.447,406,119.954,143.852,0,0.512,1.106,0.019,0.542,0.300,1.866,2.008,1.766,1.841,0.076
Track_407,407,74,0,0,0,0,0,73,892,965,3.733,407,445.128,71.448,0,0.616,1.725,0.015,0.540,0.409,2.144,2.377,1.815,2.198,0.159
Track_408,408,997,0,0,0,0,0,996,893,1889,14.128,408,376.836,462.063,0,0.609,2.359,0.020,0.580,0.359,2.015,2.323,1.734,2.017,0.109
Track_409,409,17,0,0,0,0,0,16,895,911,3.404,409,389.284,33.091,0,0.834,1.942,0.093,0.725,0.535,2.278,2.304,2.243,2.282,0.020
Track_410,410,26,0,0,0,0,0,25,901,926,14.781,410,416.273,430.287,0,1.503,7.159,0.084,1.081,1.450,2.674,3.063,2.157,2.710,0.192
Track_411,411,2,0,0,0,0,0,1,903,904,1.794,411,388.707,27.152,0,1.794,1.794,1.794,1.794,NaN,2.245,2.257,2.234,2.257,0.012
Track_412,412,12,0,0,0,0,0,11,903,914,0.786,412,51.893,142.965,0,0.462,0.931,0.164,0.406,0.227,1.947,2.085,1.736,1.967,0.092
Track_413,413,979,0,0,0,0,0,978,911,1889,11.368,413,386.077,18.211,0,0.565,4.844,0.007,0.515,0.394,2.925,3.347,2.060,3.030,0.295
Track_414,414,3,0,0,0,0,0,2,915,917,0.590,414,315.944,104.560,0,0.698,0.972,0.423,0.972,0.388,2.637,2.712,2.598,2.602,0.053
Track_415,415,507,0,0,0,0,0,506,915,1421,4.976,415,427.365,424.380,0,0.607,2.964,0.013,0.550,0.366,3.004,3.510,2.509,2.987,0.208
Track_416,416,490,0,0,0,0,0,489,918,1407,4.609,416,53.525,141.221,0,0.485,1.730,0.005,0.449,0.305,2.088,2.729,1.737,2.090,0.164
Track_417,417,23,0,0,0,0,0,22,930,952,0.756,417,99.009,164.776,0,0.434,0.891,0.032,0.453,0.220,1.842,1.939,1.744,1.840,0.061
Track_418,418,140,0,0,0,0,0,139,932,1071,4.918,418,404.541,440.503,0,1.102,4.537,0.034,0.871,0.818,2.644,3.204,2.033,2.627,0.282
Track_419,419,8,0,0,0,0,0,7,936,943,0.870,419,117.207,143.450,0,0.462,0.867,0.042,0.581,0.336,1.778,1.820,1.733,1.775,0.028
Track_420,420,5,0,0,0,0,0,4,954,958,0.442,420,145.192,122.865,0,0.489,0.694,0.190,0.683,0.244,1.805,1.840,1.775,1.802,0.023
Track_421,421,13,1,1,0,0,0,13,955,968,0.290,421,99.183,164.069,0,0.248,0.562,0.027,0.246,0.151,1.828,1.936,1.736,1.826,0.062
Track_422,422,2,0,0,0,0,0,1,957,958,0.265,422,119.067,142.376,0,0.265,0.265,0.265,0.265,NaN,1.765,1.790,1.740,1.790,0.025
Track_423,423,3,0,0,0,0,0,2,967,969,1.038,423,145.300,123.191,0,0.678,1.155,0.202,1.155,0.674,1.773,1.802,1.747,1.770,0.023
Track_424,424,2,0,0,0,0,0,1,968,969,0.423,424,118.962,142.621,0,0.423,0.423,0.423,0.423,NaN,1.773,1.783,1.762,1.783,0.011
Track_425,425,5,0,0,0,0,0,4,970,974,0.537,425,9.672,245.764,0,0.568,0.890,0.226,0.669,0.281,1.743,1.753,1.735,1.740,0.007
Track_426,426,2,0,0,0,0,0,1,972,973,0.331,426,118.271,142.719,0,0.331,0.331,0.331,0.331,NaN,1.749,1.755,1.743,1.755,0.006
Track_427,427,3,0,0,0,0,0,2,975,977,0.288,427,99.418,163.596,0,0.146,0.228,0.065,0.228,0.115,1.767,1.832,1.734,1.735,0.046
Track_428,428,40,0,0,0,0,0,39,977,1016,1.321,428,443.589,72.223,0,0.602,1.408,0.020,0.503,0.344,1.910,2.165,1.736,1.915,0.120
Track_429,429,5,0,0,0,0,0,4,977,981,1.716,429,145.757,122.558,0,0.643,0.981,0.315,0.716,0.280,1.794,1.824,1.752,1.805,0.025
Track_430,430,3,0,0,0,0,0,2,979,981,0.888,430,119.483,142.278,0,0.449,0.617,0.282,0.617,0.237,1.757,1.772,1.745,1.755,0.011
Track_431,431,68,0,0,0,0,0,67,981,1048,1.734,431,100.006,162.434,0,0.454,1.492,0.039,0.410,0.296,1.858,2.089,1.743,1.842,0.073
Track_432,432,11,0,0,0,0,0,10,988,998,1.581,432,13.261,244.101,0,0.349,0.733,0.013,0.315,0.260,1.763,1.790,1.747,1.755,0.014
Track_433,433,539,1,1,0,0,0,539,988,1527,18.873,433,193.465,273.001,0,0.628,2.390,0.031,0.592,0.364,3.039,3.447,2.377,3.031,0.204
Track_434,434,3,0,0,0,0,0,2,1010,1012,0.054,434,11.222,243.443,0,0.046,0.072,0.019,0.072,0.037,1.746,1.753,1.742,1.744,0.005
Track_435,435,7,0,0,0,0,0,6,1017,1023,1.055,435,10.564,244.207,0,0.225,0.654,0.008,0.135,0.257,1.765,1.777,1.756,1.763,0.008
Track_436,436,41,0,0,0,0,0,40,1028,1068,2.642,436,11.001,244.349,0,0.454,1.078,0.015,0.367,0.308,1.820,1.918,1.733,1.819,0.044
Track_437,437,2,0,0,0,0,0,1,1039,1040,1.000,437,438.500,0.000,0,1.000,1.000,1.000,1.000,NaN,1.757,1.781,1.734,1.781,0.024
Track_438,438,17,0,0,0,0,0,16,1051,1067,0.962,438,100.577,161.506,0,0.417,0.895,0.008,0.351,0.315,1.814,1.871,1.765,1.806,0.032
Track_439,439,39,0,0,0,0,0,38,1052,1090,2.505,439,270.483,370.210,0,1.114,3.694,0.017,0.845,0.917,3.620,3.752,3.554,3.608,0.047
Track_440,440,5,0,0,0,0,0,4,1068,1072,1.105,440,119.337,140.064,0,0.560,0.959,0.251,0.549,0.295,1.754,1.798,1.733,1.744,0.023
Track_441,441,9,0,0,0,0,0,8,1068,1076,0.000,441,477.000,252.111,0,0.500,2.000,0.000,0.000,0.756,1.919,2.178,1.790,1.869,0.122
Track_442,442,141,0,0,0,0,0,140,1071,1211,7.918,442,104.010,161.996,0,0.462,1.324,0.021,0.466,0.280,1.935,2.134,1.746,1.947,0.087
Track_443,443,4,0,0,0,0,0,3,1073,1076,0.532,443,446.898,65.493,0,0.405,0.634,0.178,0.402,0.228,1.755,1.775,1.738,1.764,0.015
Track_444,444,3,0,0,0,0,0,2,1073,1075,0.728,444,7.929,242.792,0,0.492,0.680,0.304,0.680,0.266,1.735,1.737,1.733,1.734,0.002
Track_445,445,4,0,0,0,0,0,3,1075,1078,3.416,445,415.435,431.570,0,1.905,2.486,1.191,2.040,0.658,2.617,2.675,2.514,2.654,0.062
Track_446,446,2,0,0,0,0,0,1,1081,1082,0.562,446,413.365,432.913,0,0.562,0.562,0.562,0.562,NaN,2.245,2.254,2.237,2.254,0.008
Track_447,447,49,0,0,0,0,0,48,1085,1133,13.045,447,404.759,440.001,0,1.553,7.898,0.063,1.139,1.381,2.105,2.496,1.735,2.081,0.211
Track_448,448,800,0,0,0,0,0,799,1090,1889,7.983,448,268.373,370.221,0,0.799,4.301,0.039,0.700,0.558,3.641,4.093,3.385,3.616,0.129
Track_449,449,4,0,0,0,0,0,3,1097,1100,1.713,449,444.842,63.760,0,0.937,1.388,0.425,0.998,0.484,1.860,1.920,1.835,1.848,0.035
Track_450,450,6,0,0,0,0,0,5,1098,1103,0.000,450,436.167,0.000,0,0.400,1.000,0.000,0.000,0.548,1.791,1.840,1.737,1.796,0.031
Track_451,451,103,0,0,0,0,0,102,1103,1205,5.391,451,126.871,385.029,0,0.550,1.492,0.042,0.488,0.334,2.100,2.470,1.737,2.112,0.157
Track_452,452,27,0,0,0,0,0,26,1111,1137,1.862,452,445.262,66.908,0,0.546,1.784,0.038,0.474,0.419,2.073,2.177,1.933,2.084,0.077
Track_453,453,6,0,0,0,0,0,5,1115,1120,0.000,453,477.000,255.500,0,0.400,1.000,0.000,0.000,0.548,1.949,2.116,1.872,1.915,0.087
Track_454,454,5,0,0,0,0,0,4,1114,1118,0.423,454,12.380,245.500,0,0.232,0.410,0.079,0.359,0.177,1.761,1.769,1.753,1.757,0.007
Track_455,455,5,0,0,0,0,0,4,1123,1127,0.000,455,477.000,254.000,0,0.000,0.000,0.000,0.000,0.000,1.828,1.945,1.768,1.785,0.067
Track_456,456,5,0,0,0,0,0,4,1141,1145,1.578,456,446.647,64.981,0,1.195,2.213,0.762,1.040,0.692,2.323,2.375,2.243,2.331,0.047
Track_457,457,48,1,1,0,0,0,48,1145,1193,11.474,457,445.584,66.419,0,1.117,7.228,0.200,0.797,1.361,2.116,2.366,1.815,2.098,0.145
Track_458,458,570,0,0,0,0,0,569,1158,1727,3.306,458,452.734,54.476,0,0.701,2.546,0.028,0.661,0.415,2.401,3.197,1.776,2.347,0.282
Track_459,459,6,0,0,0,0,0,5,1162,1167,3.471,459,402.054,438.247,0,1.673,3.493,0.448,1.863,1.210,1.850,1.923,1.746,1.896,0.070
Track_460,460,5,0,0,0,0,0,4,1170,1174,1.000,460,0.000,222.600,0,0.750,1.000,0.000,1.000,0.500,1.806,1.847,1.763,1.807,0.027
Track_461,461,2,0,0,0,0,0,1,1178,1179,0.000,461,0.000,0.000,0,0.000,0.000,0.000,0.000,NaN,1.752,1.764,1.739,1.764,0.013
Track_462,462,116,0,0,0,0,0,115,1182,1297,5.437,462,413.306,47.588,0,0.575,1.525,0.053,0.554,0.291,1.993,2.212,1.754,1.991,0.120
Track_463,463,7,1,1,0,0,0,7,1184,1191,5.235,463,402.137,435.558,0,1.338,2.958,0.556,1.035,0.891,1.876,2.172,1.734,1.774,0.151
Track_464,464,13,0,0,0,0,0,12,1185,1197,1.000,464,0.000,222.385,0,0.417,1.000,0.000,0.000,0.515,1.781,1.807,1.747,1.785,0.018
Track_465,465,11,1,1,0,0,0,11,1198,1209,1.446,465,401.003,435.746,0,0.841,2.514,0.109,0.783,0.730,2.045,2.550,1.746,1.868,0.294
Track_466,466,14,1,1,0,0,0,14,1199,1213,3.066,466,444.881,70.775,0,0.664,1.216,0.127,0.714,0.402,1.815,1.943,1.743,1.796,0.064
Track_467,467,3,0,0,0,0,0,2,1201,1203,1.000,467,0.000,222.333,0,0.500,1.000,0.000,1.000,0.707,1.780,1.816,1.755,1.770,0.026
Track_468,468,24,0,0,0,0,0,23,1204,1227,0.000,468,0.000,0.000,0,0.000,0.000,0.000,0.000,0.000,1.899,2.019,1.771,1.904,0.075
Track_469,469,2,0,0,0,0,0,1,1211,1212,0.646,469,127.595,383.930,0,0.646,0.646,0.646,0.646,NaN,1.735,1.735,1.734,1.735,7.656E-4
Track_470,470,2,0,0,0,0,0,1,1213,1214,1.237,470,403.476,433.760,0,1.237,1.237,1.237,1.237,NaN,1.756,1.757,1.754,1.757,0.002
Track_471,471,2,0,0,0,0,0,1,1167,1168,1.000,471,435.500,0.000,0,1.000,1.000,1.000,1.000,NaN,1.799,1.845,1.753,1.845,0.046
Track_472,472,5,0,0,0,0,0,4,1214,1218,0.425,472,109.153,161.502,0,0.260,0.679,0.032,0.172,0.287,1.802,1.837,1.760,1.806,0.031
Track_473,473,36,1,1,0,0,0,36,1215,1251,6.067,473,197.022,286.273,0,0.744,2.182,0.047,0.688,0.465,2.981,3.095,2.867,2.961,0.071
Track_474,474,54,2,1,0,0,0,55,1217,1272,0.000,474,477.000,256.426,0,0.302,1.000,0.000,0.000,0.463,2.137,2.609,1.735,2.159,0.234
Track_475,475,3,0,0,0,0,0,2,1218,1220,0.179,475,130.192,384.043,0,0.761,0.814,0.707,0.814,0.076,1.768,1.778,1.748,1.777,0.014
Track_476,476,667,1,1,0,0,0,667,1222,1889,9.524,476,108.970,157.952,0,0.459,1.694,0.005,0.423,0.291,2.545,3.129,1.742,2.581,0.405
Track_477,477,155,0,0,0,0,0,154,1224,1378,9.535,477,127.261,378.426,0,0.704,2.177,0.058,0.593,0.464,2.081,2.452,1.751,2.064,0.199
Track_478,478,664,0,0,0,0,0,663,1226,1889,14.450,478,151.620,480.352,0,0.671,5.443,0.000,0.534,0.656,3.509,4.057,3.011,3.481,0.261
Track_479,479,20,1,1,0,0,0,20,1267,1287,1.822,479,194.836,282.463,0,1.181,2.156,0.201,1.169,0.577,2.870,2.915,2.829,2.869,0.025
Track_480,480,4,0,0,0,0,0,3,1269,1272,1.000,480,30.250,0.000,0,0.333,1.000,0.000,0.000,0.577,1.903,1.976,1.780,1.951,0.075
Track_481,481,3,0,0,0,0,0,2,1276,1278,1.000,481,477.000,256.333,0,0.500,1.000,0.000,1.000,0.707,1.815,1.905,1.752,1.787,0.066
Track_482,482,16,0,0,0,0,0,15,1289,1304,1.000,482,477.000,253.750,0,0.333,1.000,0.000,0.000,0.488,1.985,2.265,1.772,2.008,0.134
Track_483,483,61,0,0,0,0,0,60,1298,1358,1.000,483,31.016,0.000,0,0.183,1.000,0.000,0.000,0.390,2.033,2.444,1.790,2.004,0.173
Track_484,484,36,0,0,0,0,0,35,1303,1338,2.212,484,195.789,281.375,0,1.031,2.596,0.112,0.899,0.705,2.903,2.988,2.842,2.892,0.041
Track_485,485,3,0,0,0,0,0,2,1304,1306,0.000,485,0.000,0.000,0,0.000,0.000,0.000,0.000,0.000,1.765,1.813,1.738,1.744,0.034
Track_486,486,97,0,0,0,0,0,96,1305,1401,4.000,486,0.000,165.196,0,0.500,2.000,0.000,0.000,0.616,2.849,3.371,1.746,3.077,0.470
Track_487,487,12,1,1,0,0,0,12,1309,1321,3.000,487,477.000,255.250,0,0.227,1.000,0.000,0.000,0.410,1.816,2.113,1.736,1.795,0.101
Track_488,488,29,0,0,0,0,0,28,1311,1339,14.408,488,401.961,435.452,0,1.250,3.994,0.263,1.005,0.895,2.030,2.340,1.821,2.023,0.117
Track_489,489,5,0,0,0,0,0,4,1320,1324,1.000,489,0.000,238.400,0,0.250,1.000,0.000,0.000,0.500,1.793,1.817,1.744,1.800,0.026
Track_490,490,20,0,0,0,0,0,19,1328,1347,2.971,490,412.261,46.494,0,0.614,1.650,0.229,0.492,0.423,1.869,1.937,1.777,1.884,0.046
Track_491,491,5,0,0,0,0,0,4,1331,1335,0.000,491,477.000,256.000,0,0.000,0.000,0.000,0.000,0.000,2.023,2.126,1.943,1.998,0.067
Track_492,492,47,1,1,0,0,0,47,1335,1382,0.000,492,0.018,237.940,0,0.404,1.197,0.000,0.000,0.493,1.870,2.034,1.736,1.864,0.077
Track_493,493,552,0,0,0,0,0,551,1338,1889,3.000,493,255.154,0.012,0,0.343,4.002,0.000,0.000,0.514,2.445,2.727,2.017,2.469,0.129
Track_494,494,2,0,0,0,0,0,1,1342,1343,0.631,494,400.728,438.391,0,0.631,0.631,0.631,0.631,NaN,1.773,1.780,1.766,1.780,0.007
Track_495,495,12,0,0,0,0,0,11,1347,1358,2.000,495,477.000,256.083,0,0.364,1.000,0.000,0.000,0.505,1.868,2.003,1.787,1.857,0.066
Track_496,496,53,0,0,0,0,0,52,1348,1400,3.175,496,199.631,277.543,0,0.673,1.768,0.019,0.584,0.413,3.044,3.155,2.943,3.045,0.048
Track_497,497,2,0,0,0,0,0,1,1349,1350,1.620,497,400.882,438.342,0,1.620,1.620,1.620,1.620,NaN,1.841,1.903,1.778,1.903,0.062
Track_498,498,119,0,0,0,0,0,118,1353,1471,1.120,498,407.988,431.488,0,1.166,4.769,0.057,0.813,0.974,2.578,3.458,1.854,2.636,0.384
Track_499,499,3,0,0,0,0,0,2,1364,1366,0.000,499,477.000,255.000,0,0.000,0.000,0.000,0.000,0.000,1.801,1.812,1.793,1.799,0.008
Track_500,500,27,0,0,0,0,0,26,1367,1393,2.623,500,442.524,66.946,0,0.513,1.138,0.071,0.540,0.298,1.835,1.931,1.736,1.841,0.053
Track_501,501,4,0,0,0,0,0,3,1369,1372,0.988,501,410.476,46.419,0,0.420,0.659,0.201,0.399,0.230,1.754,1.781,1.740,1.750,0.016
Track_502,502,88,0,0,0,0,0,87,1373,1460,3.000,502,31.466,0.000,0,0.195,1.000,0.000,0.000,0.399,2.224,2.735,1.868,2.199,0.192
Track_503,503,2,0,0,0,0,0,1,1376,1377,0.688,503,412.355,44.190,0,0.688,0.688,0.688,0.688,NaN,1.806,1.810,1.801,1.810,0.004
Track_504,504,7,0,0,0,0,0,6,1378,1384,0.000,504,436.857,0.000,0,0.333,1.000,0.000,0.000,0.516,1.931,2.048,1.773,1.907,0.091
Track_505,505,4,0,0,0,0,0,3,1381,1384,0.812,505,129.322,372.940,0,0.659,1.304,0.148,0.525,0.590,1.760,1.780,1.747,1.762,0.013
Track_506,506,6,0,0,0,0,0,5,1387,1392,1.552,506,0.259,236.997,0,0.310,1.552,0.000,0.000,0.694,1.777,1.801,1.740,1.782,0.021
Track_507,507,2,0,0,0,0,0,1,1390,1391,1.084,507,66.739,322.192,0,1.084,1.084,1.084,1.084,NaN,2.590,2.595,2.586,2.595,0.004
Track_508,508,31,0,0,0,0,0,30,1391,1421,0.403,508,130.626,374.972,0,0.702,2.007,0.134,0.657,0.440,1.806,1.957,1.742,1.779,0.057
Track_509,509,3,0,0,0,0,0,2,1393,1395,0.378,509,413.333,46.155,0,0.274,0.369,0.179,0.369,0.135,1.749,1.765,1.736,1.745,0.012
Track_510,510,3,0,0,0,0,0,2,1400,1402,1.000,510,0.000,464.333,0,0.500,1.000,0.000,1.000,0.707,1.802,1.877,1.759,1.771,0.053
Track_511,511,6,0,0,0,0,0,5,1405,1410,1.000,511,0.000,164.000,0,0.600,1.000,0.000,1.000,0.548,1.856,2.019,1.744,1.854,0.097
Track_512,512,64,0,0,0,0,0,63,1409,1472,0.000,512,0.000,0.000,0,0.000,0.000,0.000,0.000,0.000,1.982,2.268,1.794,1.978,0.094
Track_513,513,28,1,1,0,0,0,28,1410,1438,1.707,513,414.051,43.227,0,0.608,1.858,0.061,0.523,0.420,1.805,1.914,1.736,1.809,0.049
Track_514,514,29,0,0,0,0,0,28,1409,1437,1.000,514,0.000,236.655,0,0.179,1.000,0.000,0.000,0.390,1.929,2.100,1.762,1.976,0.112
Track_515,515,2,0,0,0,0,0,1,1423,1424,0.000,515,477.000,256.000,0,0.000,0.000,0.000,0.000,NaN,1.771,1.789,1.752,1.789,0.018
Track_516,516,11,0,0,0,0,0,10,1423,1433,2.116,516,196.692,275.618,0,1.117,1.909,0.440,1.011,0.499,2.961,2.980,2.925,2.963,0.016
Track_517,517,3,0,0,0,0,0,2,1427,1429,0.715,517,37.165,129.997,0,0.374,0.409,0.339,0.409,0.050,1.804,1.850,1.747,1.815,0.043
Track_518,518,6,0,0,0,0,0,5,1427,1432,0.851,518,427.716,426.373,0,0.258,0.417,0.085,0.321,0.146,2.508,2.530,2.475,2.508,0.019
Track_519,519,15,0,0,0,0,0,14,1436,1450,1.696,519,129.824,372.025,0,0.582,1.102,0.193,0.626,0.277,1.871,1.969,1.758,1.880,0.065
Track_520,520,452,0,0,0,0,0,451,1438,1889,18.448,520,189.265,430.843,0,0.737,2.514,0.044,0.681,0.447,3.247,3.411,3.051,3.249,0.071
Track_521,521,13,1,1,0,0,0,13,1440,1453,0.648,521,38.585,130.347,0,0.530,1.392,0.069,0.458,0.402,1.811,1.914,1.758,1.804,0.042
Track_522,522,7,0,0,0,0,0,6,1441,1447,0.951,522,95.205,156.496,0,0.532,1.051,0.217,0.528,0.307,1.954,1.976,1.917,1.956,0.017
Track_523,523,3,0,0,0,0,0,2,1443,1445,1.000,523,0.000,236.667,0,0.500,1.000,0.000,1.000,0.707,1.793,1.821,1.738,1.820,0.039
Track_524,524,5,1,1,0,0,0,5,1444,1449,1.417,524,413.361,43.603,0,0.658,1.064,0.289,0.719,0.323,1.770,1.794,1.748,1.764,0.016
Track_525,525,33,0,0,0,0,0,32,1444,1476,2.771,525,424.656,423.068,0,0.761,1.992,0.114,0.721,0.478,2.794,2.913,2.652,2.799,0.082
Track_526,526,2,0,0,0,0,0,1,1435,1436,0.133,526,38.297,130.154,0,0.133,0.133,0.133,0.133,NaN,1.783,1.800,1.766,1.800,0.017
Track_527,527,7,0,0,0,0,0,6,1457,1463,1.203,527,96.192,155.349,0,0.624,1.426,0.150,0.665,0.466,1.960,2.022,1.872,1.963,0.047
Track_528,528,4,0,0,0,0,0,3,1459,1462,0.546,528,412.926,44.216,0,0.594,0.706,0.403,0.675,0.167,1.812,1.827,1.791,1.816,0.013
Track_529,529,3,0,0,0,0,0,2,1462,1464,0.373,529,52.935,138.429,0,0.721,0.830,0.612,0.830,0.154,1.758,1.765,1.754,1.756,0.005
Track_530,530,14,0,0,0,0,0,13,1464,1477,1.000,530,32.143,0.000,0,0.231,1.000,0.000,0.000,0.439,1.884,2.006,1.737,1.887,0.098
Track_531,531,2,0,0,0,0,0,1,1466,1467,1.893,531,416.127,42.269,0,1.893,1.893,1.893,1.893,NaN,1.744,1.745,1.742,1.745,0.001
Track_532,532,38,0,0,0,0,0,37,1473,1510,3.741,532,413.233,429.748,0,0.903,2.275,0.196,0.758,0.550,2.665,3.060,2.184,2.622,0.211
Track_533,533,20,0,0,0,0,0,19,1479,1498,1.440,533,416.388,39.828,0,0.744,2.195,0.105,0.559,0.542,1.907,2.030,1.736,1.917,0.072
Track_534,534,2,0,0,0,0,0,1,1481,1482,0.173,534,131.043,370.759,0,0.173,0.173,0.173,0.173,NaN,1.755,1.775,1.735,1.775,0.020
Track_535,535,22,1,1,0,0,0,22,1482,1504,2.685,535,425.887,425.292,0,0.858,2.690,0.079,0.699,0.717,2.655,2.712,2.581,2.666,0.040
Track_536,536,4,0,0,0,0,0,3,1483,1486,0.000,536,0.000,0.000,0,0.000,0.000,0.000,0.000,0.000,1.820,1.854,1.796,1.818,0.021
Track_537,537,5,1,1,0,0,0,5,1484,1489,1.009,537,53.440,138.106,0,0.770,1.228,0.322,1.060,0.441,1.742,1.746,1.734,1.744,0.004
Track_538,538,9,0,0,0,0,0,8,1485,1493,1.107,538,95.315,153.571,0,0.872,1.534,0.234,0.866,0.472,2.025,2.042,1.999,2.034,0.016
Track_539,539,2,0,0,0,0,0,1,1487,1488,0.106,539,41.831,131.966,0,0.106,0.106,0.106,0.106,NaN,1.733,1.734,1.733,1.734,2.601E-4
Track_540,540,10,1,1,0,0,0,10,1489,1499,0.000,540,0.000,0.000,0,0.000,0.000,0.000,0.000,0.000,1.830,1.948,1.750,1.830,0.063
Track_541,541,10,0,0,0,0,0,9,1489,1498,1.429,541,139.826,366.733,0,0.531,0.901,0.168,0.518,0.266,1.853,1.995,1.734,1.873,0.088
Track_542,542,13,0,0,0,0,0,12,1491,1503,1.979,542,41.778,131.970,0,0.594,1.201,0.079,0.596,0.300,1.814,1.867,1.745,1.816,0.042
Track_543,543,5,0,0,0,0,0,4,1492,1496,0.810,543,194.411,274.537,0,1.076,1.655,0.661,1.054,0.420,3.154,3.192,3.123,3.148,0.024
Track_544,544,9,1,1,0,0,0,9,1495,1504,0.000,544,32.000,0.000,0,0.000,0.000,0.000,0.000,0.000,1.804,1.867,1.743,1.795,0.042
Track_545,545,2,0,0,0,0,0,1,1495,1496,1.000,545,477.000,254.500,0,1.000,1.000,1.000,1.000,NaN,1.828,1.857,1.799,1.857,0.029
Track_546,546,2,0,0,0,0,0,1,1500,1501,1.217,546,96.483,153.888,0,1.217,1.217,1.217,1.217,NaN,1.938,1.944,1.931,1.944,0.007
Track_547,547,7,0,0,0,0,0,6,1499,1505,1.628,547,194.051,275.372,0,0.968,2.561,0.403,0.695,0.794,3.170,3.193,3.115,3.174,0.025
Track_548,548,9,0,0,0,0,0,8,1501,1509,10.410,548,47.330,135.691,0,2.130,12.852,0.366,0.664,4.336,1.790,1.825,1.754,1.782,0.024
Track_549,549,10,0,0,0,0,0,9,1503,1512,0.000,549,0.000,0.000,0,0.000,0.000,0.000,0.000,0.000,1.850,1.989,1.742,1.851,0.088
Track_550,550,78,0,0,0,0,0,77,1503,1580,8.026,550,412.072,44.003,0,0.614,1.710,0.082,0.572,0.383,2.038,2.297,1.755,2.051,0.123
Track_551,551,4,0,0,0,0,0,3,1507,1510,1.000,551,477.000,253.500,0,0.333,1.000,0.000,0.000,0.577,1.851,1.977,1.754,1.855,0.081
Track_552,552,2,0,0,0,0,0,1,1508,1509,0.517,552,51.285,138.568,0,0.517,0.517,0.517,0.517,NaN,1.748,1.752,1.744,1.752,0.004
Track_553,553,375,2,1,0,0,0,376,1508,1884,20.673,553,412.494,424.206,0,0.798,11.356,0.049,0.694,0.747,2.927,3.742,1.735,2.987,0.462
Track_554,554,380,1,1,0,0,0,380,1509,1889,3.968,554,193.065,280.651,0,0.605,1.851,0.021,0.557,0.343,3.141,3.374,2.951,3.122,0.103
Track_555,555,19,0,0,0,0,0,18,1509,1527,0.000,555,32.316,0.000,0,0.222,1.000,0.000,0.000,0.428,1.851,1.972,1.762,1.835,0.060
Track_556,556,26,1,1,0,0,0,26,1510,1536,4.250,556,134.038,367.312,0,0.894,1.775,0.189,0.892,0.493,1.806,1.888,1.744,1.817,0.035
Track_557,557,5,0,0,0,0,0,4,1511,1515,0.913,557,95.213,154.000,0,1.236,1.984,0.350,1.775,0.774,1.993,2.010,1.979,1.994,0.012
Track_558,558,3,0,0,0,0,0,2,1515,1517,0.331,558,426.052,423.487,0,0.526,0.575,0.478,0.575,0.069,2.633,2.640,2.629,2.630,0.005
Track_559,559,144,0,0,0,0,0,143,1519,1662,10.309,559,89.631,152.729,0,0.420,1.405,0.018,0.372,0.274,2.278,2.527,1.826,2.312,0.179
Track_560,560,4,0,0,0,0,0,3,1523,1526,0.000,560,0.000,0.000,0,0.000,0.000,0.000,0.000,0.000,1.886,1.984,1.793,1.916,0.071
Track_561,561,48,0,0,0,0,0,47,1523,1570,2.460,561,38.648,131.079,0,0.481,1.173,0.088,0.441,0.296,2.076,2.406,1.752,2.081,0.181
Track_562,562,2,0,0,0,0,0,1,1527,1528,0.480,562,29.640,88.275,0,0.480,0.480,0.480,0.480,NaN,1.746,1.756,1.735,1.756,0.011
Track_563,563,13,0,0,0,0,0,12,1531,1543,1.000,563,33.154,0.000,0,0.083,1.000,0.000,0.000,0.289,1.878,1.996,1.740,1.923,0.098
Track_564,564,53,1,1,0,0,0,53,1531,1584,0.000,564,0.000,0.000,0,0.000,0.000,0.000,0.000,0.000,2.036,2.285,1.749,2.053,0.133
Track_565,565,6,0,0,0,0,0,5,1532,1537,1.216,565,29.040,88.520,0,0.525,0.752,0.374,0.478,0.164,1.801,1.833,1.762,1.809,0.024
Track_566,566,19,0,0,0,0,0,18,1540,1558,0.852,566,29.699,88.629,0,0.485,1.019,0.192,0.447,0.240,1.971,2.118,1.821,1.996,0.083
Track_567,567,12,0,0,0,0,0,11,1543,1554,1.114,567,130.999,369.770,0,0.704,1.323,0.293,0.643,0.409,1.803,1.867,1.736,1.813,0.034
Track_568,568,11,0,0,0,0,0,10,1544,1554,0.000,568,0.000,162.818,0,0.400,1.000,0.000,0.000,0.516,1.967,2.271,1.751,1.987,0.165
Track_569,569,21,0,0,0,0,0,20,1554,1574,1.000,569,33.286,0.000,0,0.250,1.000,0.000,0.000,0.444,1.985,2.179,1.760,2.018,0.126
Track_570,570,4,0,0,0,0,0,3,1557,1560,0.755,570,72.875,131.619,0,0.319,0.632,0.092,0.234,0.280,1.780,1.853,1.746,1.763,0.043
Track_571,571,326,1,1,0,0,0,326,1563,1889,17.641,571,21.219,86.670,0,0.496,1.451,0.021,0.444,0.291,2.114,2.566,1.770,2.034,0.216
Track_572,572,5,0,0,0,0,0,4,1565,1569,0.000,572,0.000,464.800,0,0.500,1.000,0.000,1.000,0.577,1.776,1.801,1.762,1.769,0.014
Track_573,573,9,0,0,0,0,0,8,1568,1576,2.000,573,477.000,254.333,0,0.250,1.000,0.000,0.000,0.463,1.889,2.069,1.767,1.834,0.101
Track_574,574,16,0,0,0,0,0,15,1572,1587,1.000,574,0.000,462.938,0,0.333,1.000,0.000,0.000,0.488,1.861,1.984,1.749,1.856,0.067
Track_575,575,166,1,1,0,0,0,166,1572,1738,5.254,575,52.993,139.790,0,0.434,1.338,0.007,0.349,0.276,2.324,2.918,1.747,2.170,0.372
Track_576,576,2,0,0,0,0,0,1,1574,1575,1.000,576,0.000,233.500,0,1.000,1.000,1.000,1.000,NaN,1.744,1.751,1.737,1.751,0.007
Track_577,577,223,0,0,0,0,0,222,1576,1798,1.485,577,303.600,207.824,0,0.799,2.592,0.012,0.746,0.439,2.118,2.594,1.760,2.101,0.153
Track_578,578,312,0,0,0,0,0,311,1578,1889,8.354,578,174.328,336.803,0,0.670,4.679,0.028,0.573,0.519,3.223,3.518,2.865,3.219,0.133
Track_579,579,8,0,0,0,0,0,7,1579,1586,1.000,579,0.000,234.500,0,0.429,1.000,0.000,0.000,0.535,1.798,1.840,1.749,1.803,0.028
Track_580,580,12,0,0,0,0,0,11,1581,1592,0.000,580,32.500,0.000,0,0.182,1.000,0.000,0.000,0.405,1.855,1.988,1.760,1.813,0.091
Track_581,581,2,0,0,0,0,0,1,1590,1591,1.000,581,0.000,463.500,0,1.000,1.000,1.000,1.000,NaN,1.758,1.761,1.754,1.761,0.004
Track_582,582,9,0,0,0,0,0,8,1593,1601,1.076,582,409.707,46.718,0,0.584,0.815,0.256,0.738,0.231,1.800,1.846,1.746,1.793,0.035
Track_583,583,95,2,1,0,0,0,96,1596,1692,4.040,583,129.476,365.045,0,0.619,1.676,0.065,0.614,0.375,1.887,2.194,1.735,1.859,0.107
Track_584,584,2,0,0,0,0,0,1,1598,1599,1.101,584,129.898,106.112,0,1.101,1.101,1.101,1.101,NaN,1.787,1.796,1.778,1.796,0.009
Track_585,585,2,0,0,0,0,0,1,1599,1600,0.000,585,0.000,236.000,0,0.000,0.000,0.000,0.000,NaN,1.770,1.795,1.745,1.795,0.025
Track_586,586,79,1,1,0,0,0,79,1604,1683,4.096,586,409.301,47.730,0,0.587,2.145,0.093,0.474,0.421,1.895,2.068,1.738,1.872,0.095
Track_587,587,2,0,0,0,0,0,1,1606,1607,2.347,587,440.670,67.795,0,2.347,2.347,2.347,2.347,NaN,1.778,1.801,1.754,1.801,0.024
Track_588,588,2,0,0,0,0,0,1,1606,1607,0.311,588,127.661,108.313,0,0.311,0.311,0.311,0.311,NaN,1.767,1.800,1.733,1.800,0.033
Track_589,589,5,0,0,0,0,0,4,1609,1613,1.000,589,31.200,0.000,0,0.250,1.000,0.000,0.000,0.500,1.784,1.829,1.753,1.774,0.027
Track_590,590,2,0,0,0,0,0,1,1609,1610,1.000,590,0.000,236.500,0,1.000,1.000,1.000,1.000,NaN,1.805,1.823,1.786,1.823,0.019
Track_591,591,2,0,0,0,0,0,1,1614,1615,0.380,591,440.201,69.641,0,0.380,0.380,0.380,0.380,NaN,1.780,1.799,1.762,1.799,0.018
Track_592,592,5,0,0,0,0,0,4,1619,1623,0.829,592,125.692,106.721,0,0.354,0.490,0.216,0.464,0.143,1.844,1.869,1.826,1.840,0.015
Track_593,593,3,0,0,0,0,0,2,1627,1629,1.038,593,442.792,67.454,0,0.804,1.285,0.323,1.285,0.680,1.855,1.866,1.836,1.864,0.014
Track_594,594,17,0,0,0,0,0,16,1629,1645,0.000,594,0.000,237.824,0,0.250,1.000,0.000,0.000,0.447,1.845,1.949,1.738,1.854,0.060
Track_595,595,3,0,0,0,0,0,2,1632,1634,1.931,595,441.140,69.680,0,0.972,1.558,0.385,1.558,0.830,1.790,1.824,1.764,1.783,0.025
Track_596,596,4,0,0,0,0,0,3,1632,1635,0.493,596,126.595,106.739,0,0.382,0.514,0.270,0.363,0.123,1.759,1.783,1.736,1.767,0.018
Track_597,597,4,0,0,0,0,0,3,1641,1644,1.000,597,30.750,0.000,0,0.333,1.000,0.000,0.000,0.577,1.798,1.836,1.756,1.805,0.029
Track_598,598,39,0,0,0,0,0,38,1644,1682,2.442,598,441.010,71.734,0,0.862,2.792,0.096,0.767,0.600,1.912,2.151,1.737,1.890,0.100
Track_599,599,4,0,0,0,0,0,3,1645,1648,1.236,599,126.255,106.337,0,0.497,0.684,0.293,0.514,0.196,1.778,1.821,1.753,1.781,0.027
Track_600,600,53,0,0,0,0,0,52,1651,1703,3.000,600,0.000,236.472,0,0.288,1.000,0.000,0.000,0.457,1.867,1.975,1.743,1.870,0.057
Track_601,601,232,0,0,0,0,0,231,1658,1889,9.313,601,121.640,101.715,0,0.495,1.503,0.035,0.460,0.288,3.274,4.069,1.742,3.712,0.758
Track_602,602,4,0,0,0,0,0,3,1665,1668,0.976,602,85.045,151.526,0,0.812,0.948,0.624,0.865,0.169,1.788,1.831,1.740,1.796,0.032
Track_603,603,22,0,0,0,0,0,21,1666,1687,1.000,603,0.000,166.182,0,0.333,1.000,0.000,0.000,0.483,1.946,2.333,1.752,1.924,0.179
Track_604,604,2,0,0,0,0,0,1,1692,1693,0.841,604,84.674,150.140,0,0.841,0.841,0.841,0.841,NaN,1.755,1.774,1.737,1.774,0.018
Track_605,605,5,0,0,0,0,0,4,1693,1697,1.000,605,0.000,165.200,0,0.250,1.000,0.000,0.000,0.500,1.763,1.791,1.751,1.756,0.015
Track_606,606,13,1,1,0,0,0,13,1693,1706,0.826,606,192.122,270.015,0,0.766,1.444,0.253,0.863,0.345,2.775,2.837,2.720,2.766,0.035
Track_607,607,3,0,0,0,0,0,2,1702,1704,1.000,607,0.000,466.667,0,0.500,1.000,0.000,1.000,0.707,1.752,1.756,1.750,1.751,0.002
Track_608,608,2,0,0,0,0,0,1,1687,1688,0.754,608,442.084,72.601,0,0.754,0.754,0.754,0.754,NaN,1.748,1.754,1.743,1.754,0.005
Track_609,609,5,0,0,0,0,0,4,1707,1711,2.000,609,0.000,237.000,0,0.500,1.000,0.000,1.000,0.577,1.762,1.781,1.738,1.762,0.016
Track_610,610,3,0,0,0,0,0,2,1709,1711,0.724,610,191.732,269.979,0,0.928,0.982,0.873,0.982,0.077,2.790,2.792,2.789,2.790,0.001
Track_611,611,23,0,0,0,0,0,22,1716,1738,0.000,611,0.000,166.391,0,0.182,1.000,0.000,0.000,0.395,1.918,2.127,1.734,1.893,0.122
Track_612,612,2,0,0,0,0,0,1,1718,1719,0.774,612,192.121,270.082,0,0.774,0.774,0.774,0.774,NaN,2.709,2.710,2.708,2.710,0.001
Track_613,613,56,0,0,0,0,0,55,1720,1775,4.000,613,0.000,235.268,0,0.400,1.000,0.000,0.000,0.494,1.828,1.907,1.734,1.839,0.043
Track_614,614,30,0,0,0,0,0,29,1723,1752,3.101,614,443.147,70.094,0,0.752,1.445,0.270,0.692,0.379,1.876,2.028,1.736,1.905,0.093
Track_615,615,34,0,0,0,0,0,33,1726,1759,1.855,615,191.889,268.457,0,0.671,1.473,0.047,0.574,0.463,2.693,2.751,2.655,2.694,0.022
Track_616,616,159,0,0,0,0,0,158,1731,1889,3.107,616,454.167,57.945,0,0.669,2.200,0.052,0.631,0.376,2.199,2.555,1.807,2.169,0.188
Track_617,617,138,0,0,0,0,0,137,1752,1889,2.060,617,27.498,132.190,0,0.459,1.168,0.036,0.433,0.247,2.257,2.637,1.750,2.266,0.216
Track_618,618,2,0,0,0,0,0,1,1759,1760,1.000,618,0.000,118.500,0,1.000,1.000,1.000,1.000,NaN,1.760,1.784,1.736,1.784,0.024
Track_619,619,122,2,1,0,0,0,123,1766,1889,5.705,619,71.284,135.876,0,0.659,2.945,0.036,0.536,0.482,2.111,2.444,1.736,2.163,0.208
Track_620,620,121,1,1,0,0,0,121,1768,1889,2.535,620,121.630,342.661,0,0.731,2.184,0.032,0.712,0.402,2.170,2.673,1.737,2.205,0.279
Track_621,621,3,0,0,0,0,0,2,1773,1775,1.000,621,0.000,117.333,0,0.500,1.000,0.000,1.000,0.707,1.768,1.804,1.740,1.759,0.027
Track_622,622,55,0,0,0,0,0,54,1778,1832,1.275,622,442.082,71.726,0,0.624,1.960,0.026,0.563,0.402,1.853,1.990,1.740,1.852,0.052
Track_623,623,3,0,0,0,0,0,2,1778,1780,0.000,623,0.000,117.000,0,0.000,0.000,0.000,0.000,0.000,1.796,1.829,1.771,1.789,0.024
Track_624,624,2,0,0,0,0,0,1,1778,1779,0.000,624,0.000,233.000,0,0.000,0.000,0.000,0.000,NaN,1.760,1.764,1.756,1.764,0.004
Track_625,625,14,0,0,0,0,0,13,1784,1797,3.237,625,191.957,268.213,0,0.621,1.143,0.090,0.714,0.340,2.770,2.820,2.706,2.790,0.040
Track_626,626,11,1,1,0,0,0,11,1785,1796,0.000,626,274.818,491.000,0,0.400,1.000,0.000,0.000,0.516,1.831,1.973,1.740,1.829,0.079
Track_627,627,11,1,1,0,0,0,11,1785,1796,0.000,627,0.000,0.000,0,0.000,0.000,0.000,0.000,0.000,1.891,1.997,1.765,1.911,0.069
Track_628,628,5,1,1,0,0,0,5,1788,1793,0.000,628,0.000,166.800,0,0.500,1.000,0.000,1.000,0.577,1.795,1.867,1.739,1.771,0.048
Track_629,629,2,0,0,0,0,0,1,1789,1790,1.000,629,0.000,233.500,0,1.000,1.000,1.000,1.000,NaN,1.738,1.741,1.736,1.741,0.003
Track_630,630,64,0,0,0,0,0,63,1795,1858,3.000,630,0.000,233.500,0,0.460,2.000,0.000,0.000,0.534,1.778,1.849,1.733,1.778,0.026
Track_631,631,21,0,0,0,0,0,20,1798,1818,6.012,631,415.026,42.695,0,0.810,1.915,0.126,0.700,0.536,1.857,1.923,1.756,1.873,0.046
Track_632,632,2,0,0,0,0,0,1,1805,1806,1.000,632,0.000,167.500,0,1.000,1.000,1.000,1.000,NaN,1.813,1.868,1.759,1.868,0.055
Track_633,633,2,0,0,0,0,0,1,1808,1809,1.255,633,17.043,424.467,0,1.255,1.255,1.255,1.255,NaN,2.048,2.085,2.010,2.085,0.037
Track_634,634,12,0,0,0,0,0,11,1808,1819,2.000,634,272.417,491.000,0,0.545,1.000,0.000,1.000,0.522,1.942,2.053,1.739,1.962,0.093
Track_635,635,7,0,0,0,0,0,6,1811,1817,2.403,635,17.302,423.146,0,0.741,2.104,0.232,0.767,0.712,2.169,2.187,2.116,2.178,0.023
Track_636,636,76,0,0,0,0,0,75,1814,1889,8.369,636,302.115,207.449,0,0.798,2.361,0.010,0.776,0.453,1.890,2.119,1.775,1.858,0.101
Track_637,637,25,0,0,0,0,0,24,1820,1844,2.421,637,415.947,43.461,0,0.697,1.881,0.120,0.653,0.427,1.842,1.894,1.753,1.853,0.038
Track_638,638,17,0,0,0,0,0,16,1823,1839,1.891,638,17.106,423.884,0,0.563,1.235,0.077,0.566,0.322,2.110,2.208,2.038,2.108,0.039
Track_639,639,61,0,0,0,0,0,60,1829,1889,0.000,639,271.508,491.000,0,0.433,2.000,0.000,0.000,0.533,2.553,2.904,1.740,2.670,0.305
Track_640,640,36,1,1,0,0,0,36,1853,1889,15.300,640,419.865,430.970,0,1.945,6.309,0.350,1.334,1.526,2.052,2.462,1.749,2.071,0.190
Track_641,641,12,0,0,0,0,0,11,1856,1867,1.889,641,414.039,45.630,0,0.647,1.171,0.168,0.672,0.299,1.797,1.861,1.744,1.805,0.039
Track_642,642,2,0,0,0,0,0,1,1869,1870,1.000,642,0.000,232.500,0,1.000,1.000,1.000,1.000,NaN,1.760,1.765,1.754,1.765,0.005
Track_643,643,2,0,0,0,0,0,1,1874,1875,0.000,643,477.000,253.000,0,0.000,0.000,0.000,0.000,NaN,1.854,1.875,1.832,1.875,0.022
Track_644,644,3,0,0,0,0,0,2,1876,1878,1.000,644,0.000,231.667,0,0.500,1.000,0.000,1.000,0.707,1.746,1.754,1.736,1.749,0.007
